storage_key,dossier_uid,scrutin_id,fecha_scrutin,titulo_scrutin,jorf_text_id,title_matched,match_score,bytes,status
DLR5L15N37494,DLR5L15N37494,103,2017-07-28,l'ensemble du projet de loi pour la confiance dans la vie publique (première lecture).,JORFTEXT000035567974,<mark>LOI</mark> n° 2017-1339 du 15 septembre 2017 pour la <mark>confiance</mark> dans la <mark>vie</mark> politique (1),0.92,73066,ok
DLR5L15N44536,DLR5L15N44536,104,2017-07-28,l'ensemble du projet de loi organique pour la confiance dans la vie publique (première lecture).,JORFTEXT000035567974,,0.27,0,low_score_or_no_match
DLR5L15N35908,DLR5L15N35908,107,2017-08-03,l'ensemble du projet de loi pour la confiance dans la vie politique (texte de la commission mixte paritaire).,JORFTEXT000035567974,<mark>LOI</mark> n° 2017-1339 du 15 septembre 2017 pour la <mark>confiance</mark> dans la <mark>vie</mark> <mark>politique</mark> (1),1.18,73066,ok
DLR5L15N35927,DLR5L15N35927,138,2017-10-03,l'ensemble du projet de loi renforçant la sécurité intérieure et la lutte contre le terrorisme (première lecture).,JORFTEXT000035932811,<mark>LOI</mark> n° 2017-1510 du 30 octobre 2017 <mark>renforçant</mark> la <mark>sécurité</mark> <mark>intérieure</mark> et la <mark>lutte</mark> <mark>contre</mark> le <mark>terrorisme</mark> (1),1.18,68534,ok
DLR5L15N40790,DLR5L15N40790,272,2017-11-21,l'ensemble du projet de loi de finances pour 2018 (première lecture).,JORFTEXT000036339197,<mark>LOI</mark> n° 2017-1837 du 30 décembre 2017 de <mark>finances</mark> pour <mark>2018</mark> (1),1.18,459502,ok
DLR5L15N40689,DLR5L15N40689,321,2017-11-30,l'ensemble de la proposition de loi relative à l'exercice des compétences des collectivités territoriales dans le domaine de la gestion des milieux aquatiques et de la prévention des inondations (première lecture).,JORFTEXT000036339387,<mark>LOI</mark> n° 2017-1838 du 30 décembre 2017 <mark>relative</mark> à <mark>l'exercice</mark> des <mark>compétences</mark> des <mark>collectivités</mark> <mark>territoriales</mark> dans le <mark>domaine</mark> de la <mark>gestion</mark> des <mark>milieux</mark> <mark>aquatiques</mark> et de la <mark>prévention</mark> des <mark>inondations</mark> (1),1.18,11239,ok
DLR5L15N38060,DLR5L15N38060,338,2017-12-07,l'ensemble de la proposition de loi visant à étendre le dispositif de dons de jours de repos non pris aux aidants familiaux (première lecture).,,,0.00,0,low_score_or_no_match
DLR5L15N44962,DLR5L15N44962,410,2018-03-06,"l'ensemble du projet de loi, adopté par le Sénat, autorisant la ratification de l'accord de transport aérien entre les États-Unis d'Amérique, premièrement, l'Union européenne et ses États membres, deuxièmement, l'Islande, troisièmement, et le Royaume de Norvège, quatrièmement (première lecture).",JORFTEXT000036711215,"<mark>LOI</mark> n° 2018-181 du 15 mars 2018 <mark>autorisant</mark> la <mark>ratification</mark> de <mark>l'accord</mark> de <mark>transport</mark> <mark>aérien</mark> <mark>entre</mark> les <mark>Etats</mark>-<mark>Unis</mark> <mark>d'Amérique</mark>, <mark>premièrement</mark>, <mark>l'Union</mark> <mark>européenne</mark> et ses <mark>Etats</mark> <mark>membres</mark>, <mark>deuxièmement</mark>, <mark>l'Islande</mark>, <mark>troisièmement</mark>, et le <mark>Royaume</mark> de <mark>Norvège</mark>, <mark>quatrièmement</mark> (1)",1.19,995,ok
DLR5L15N36261,DLR5L15N36261,434,2018-03-28,"l'ensemble de la proposition de loi portant transposition de la directive du Parlement européen et du Conseil sur la protection des savoir-faire et des informations commerciales non divulgués contre l'obtention, l'utlisation et la divulgation illicites (première lecture).",JORFTEXT000043210210,Ordonnance n° 2021-236 du 3 mars 2021 portant <mark>transposition</mark> de diverses dispositions de la directive (UE) 2018/2001 du Parlement européen et du Conseil du 11 décembre 2018 relative à la promotion de l'utilisation de l'énergie produite à partir de sources renouvelables et de la directive (UE) 2019/944 du Parlement européen et du Conseil du 5 juin 2019 concernant des règles communes pour le marché intérieur de l'électricité,0.40,0,rejected_low_score
DLR5L15N37409,DLR5L15N37409,477,2018-04-17,l'ensemble du projet de loi pour un nouveau pacte ferroviaire (première lecture).,JORFTEXT000037111503,<mark>LOI</mark> n° 2018-515 du 27 juin 2018 pour un <mark>nouveau</mark> <mark>pacte</mark> <mark>ferroviaire</mark> (1),1.16,81281,ok
DLR5L15N36233,DLR5L15N36233,578,2018-04-22,"l'ensemble du projet de loi pour une immigration maîtrisée, un droit d'asile effectif et une intégration réussie (première lecture).",JORFTEXT000037381808,"<mark>LOI</mark> n° 2018-778 du 10 septembre 2018 pour une <mark>immigration</mark> <mark>maîtrisée</mark>, un <mark>droit</mark> <mark>d'asile</mark> <mark>effectif</mark> et une <mark>intégration</mark> <mark>réussie</mark> (1)",1.12,136348,ok
DLR5L15N36577,DLR5L15N36577,619,2018-05-16,l'ensemble du projet de loi renforçant la lutte contre les violences sexuelles et sexistes (première lecture).,JORFTEXT000037284450,<mark>LOI</mark> n° 2018-703 du 3 août 2018 <mark>renforçant</mark> la <mark>lutte</mark> <mark>contre</mark> les <mark>violences</mark> <mark>sexuelles</mark> et <mark>sexistes</mark> (1),1.16,23225,ok
DLR5L15N37956,DLR5L15N37956,974,2018-06-19,l'ensemble du projet de loi pour la liberté de choisir son avenir professionnel (première lecture).,JORFTEXT000037367660,<mark>LOI</mark> n° 2018-771 du 5 septembre 2018 pour la <mark>liberté</mark> de <mark>choisir</mark> son <mark>avenir</mark> <mark>professionnel</mark> (1),1.16,369314,ok
DLR5L15N36109,DLR5L15N36109,989,2018-06-21,l'ensemble de la proposition de loi relative à l'accueil des gens du voyage et à la lutte contre les installations illicites (première lecture).,JORFTEXT000037581660,<mark>LOI</mark> n° 2018-957 du 7 novembre 2018 <mark>relative</mark> à <mark>l'accueil</mark> des <mark>gens</mark> du <mark>voyage</mark> et à la <mark>lutte</mark> <mark>contre</mark> les <mark>installations</mark> <mark>illicites</mark> (1),1.12,10214,ok
DLR5L15N42086,DLR5L15N42086,995,2018-06-26,l'ensemble du projet de loi renforçant l'efficacité de l'administration pour une relation de confiance avec le public (nouvelle lecture).,JORFTEXT000044545992,,0.30,0,low_score_or_no_match
DLR5L15N44492,DLR5L15N44492,999,2018-07-03,l'ensemble de la proposition de loi organique relative à la lutte contre la manipulation de l'information (première lecture).,JORFTEXT000037847556,<mark>LOI</mark> <mark>organique</mark> n° 2018-1201 du 22 décembre 2018 <mark>relative</mark> à la <mark>lutte</mark> <mark>contre</mark> la <mark>manipulation</mark> de <mark>l'information</mark> (1),1.41,1518,ok
DLR5L15N38216,DLR5L15N38216,1003,2018-07-04,l'ensemble de la proposition de loi renforçant la lutte contre les rodéos motorisés (première lecture).,JORFTEXT000037284442,<mark>LOI</mark> n° 2018-701 du 3 août 2018 <mark>renforçant</mark> la <mark>lutte</mark> <mark>contre</mark> les <mark>rodéos</mark> <mark>motorisés</mark> (1),1.18,6087,ok
DLR5L15N38186,DLR5L15N38186,1111,2018-07-30,l'ensemble de la proposition de loi relative à l'encadrement de l'utilisation du téléphone portable dans les établissements d'enseignement scolaire (texte de la commission mixte paritaire).,JORFTEXT000037284333,<mark>LOI</mark> n° 2018-698 du 3 août 2018 <mark>relative</mark> à <mark>l'encadrement</mark> de <mark>l'utilisation</mark> du <mark>téléphone</mark> <mark>portable</mark> dans les <mark>établissements</mark> <mark>d'enseignement</mark> <mark>scolaire</mark> (1),1.20,2978,ok
DLR5L15N37242,DLR5L15N37242,1156,2018-09-14,"l'ensemble du projet de loi pour l'équilibre des relations commerciales dans le secteur agricole et alimentaire et une alimentation saine, durable et accessible à tous (nouvelle lecture).",JORFTEXT000037547946,"<mark>LOI</mark> n° 2018-938 du 30 octobre 2018 pour <mark>l'équilibre</mark> des <mark>relations</mark> <mark>commerciales</mark> dans le <mark>secteur</mark> <mark>agricole</mark> et <mark>alimentaire</mark> et une <mark>alimentation</mark> <mark>saine</mark>, <mark>durable</mark> et <mark>accessible</mark> à <mark>tous</mark> (1)",1.17,115076,ok
DLR5L15N36628,DLR5L15N36628,1184,2018-10-03,"l'ensemble du projet de loi portant évolution du logement, de l'aménagement et du numérique (texte de la commission mixte paritaire).",JORFTEXT000037639478,"<mark>LOI</mark> n° 2018-1021 du 23 novembre 2018 <mark>portant</mark> <mark>évolution</mark> du <mark>logement</mark>, de <mark>l'aménagement</mark> et du <mark>numérique</mark> (1)",1.17,560147,ok
DLR5L15N36918,DLR5L15N36918,1516,2018-11-29,l'ensemble de la proposition de loi relative à l'interdiction des violences éducatives ordinaires (première lecture).,JORFTEXT000038746663,<mark>LOI</mark> n° 2019-721 du 10 juillet 2019 <mark>relative</mark> à <mark>l'interdiction</mark> des <mark>violences</mark> <mark>éducatives</mark> <mark>ordinaires</mark> (1),1.08,1047,ok
DLR5L15N38097,DLR5L15N38097,1540,2018-12-06,l'ensemble de la proposition de loi visant à encadrer le démarchage téléphonique et à lutter contre les appels frauduleux (première lecture).,JORFTEXT000042148119,<mark>LOI</mark> n° 2020-901 du 24 juillet 2020 <mark>visant</mark> à <mark>encadrer</mark> le <mark>démarchage</mark> <mark>téléphonique</mark> et à <mark>lutter</mark> <mark>contre</mark> les <mark>appels</mark> <mark>frauduleux</mark> (1),1.05,15371,ok
DLR5L15N36726,DLR5L15N36726,1571,2018-12-12,l'ensemble de la proposition de loi visant à faciliter la sortie de l'indivision successorale et à relancer la politique du logement en outre-mer (deuxième lecture).,JORFTEXT000037864059,<mark>LOI</mark> n° 2018-1244 du 27 décembre 2018 <mark>visant</mark> à <mark>faciliter</mark> la <mark>sortie</mark> de <mark>l'indivision</mark> <mark>successorale</mark> et à <mark>relancer</mark> la <mark>politique</mark> du <mark>logement</mark> en <mark>outre</mark>-<mark>mer</mark> (1),1.19,6693,ok
DLR5L15N36499,DLR5L15N36499,1640,2019-01-29,l'ensemble de la proposition de loi relative au délai d'intervention du juge des libertés et de la détention en rétention administrative à Mayotte (première lecture).,JORFTEXT000038196209,<mark>LOI</mark> n° 2019-161 du 1er mars 2019 <mark>relative</mark> au <mark>délai</mark> <mark>d'intervention</mark> du <mark>juge</mark> des <mark>libertés</mark> et de la <mark>détention</mark> en <mark>rétention</mark> <mark>administrative</mark> à <mark>Mayotte</mark> (1),1.18,1594,ok
DLR5L15N37094,DLR5L15N37094,1653,2019-01-31,l'ensemble de la proposition de loi pour des mesures d'urgence contre la désertification médicale (première lecture).,JORFTEXT000038261631,,0.34,0,low_score_or_no_match
DLR5L15N37092,DLR5L15N37092,1661,2019-01-31,l'ensemble de la proposition de loi pour une école vraiment inclusive (première lecture).,,,0.00,0,low_score_or_no_match
DLR5L15N41406,DLR5L15N41406,1662,2019-02-05,l'ensemble de la proposition de loi visant à prévenir les violences lors des manifestations et à sanctionner leurs auteurs (première lecture).,JORFTEXT000049563368,,0.17,0,low_score_or_no_match
DLR5L15N41031,DLR5L15N41031,1710,2019-02-19,l'ensemble de la proposition de loi visant à lutter contre la mort subite et à sensibiliser la population aux gestes qui sauvent (première lecture).,JORFTEXT000044367862,,0.16,0,low_score_or_no_match
DLR5L15N37940,DLR5L15N37940,1715,2019-02-21,l'ensemble de la proposition de loi visant à protéger la population des dangers de la malbouffe (première lecture).,,,0.00,0,low_score_or_no_match
DLR5L15N37168,DLR5L15N37168,1719,2019-03-07,l'ensemble de la proposition de loi en faveur de la transparence sur l'utilisation de l'épargne populaire en matière énergétique (première lecture).,JORFTEXT000038496102,,0.16,0,low_score_or_no_match
DLR5L15N39025,DLR5L15N39025,1724,2019-03-12,l'ensemble de la proposition de loi portant création d'une Agence nationale de la cohésion des territoires (première lecture).,JORFTEXT000038799829,<mark>LOI</mark> n° 2019-753 du 22 juillet 2019 <mark>portant</mark> <mark>création</mark> d'une <mark>Agence</mark> <mark>nationale</mark> de la <mark>cohésion</mark> des <mark>territoires</mark> (1),1.13,25875,ok
DLR5L15N39639,DLR5L15N39639,1816,2019-03-26,l'ensemble de la proposition de loi visant à améliorer la trésorerie des associations (première lecture).,JORFTEXT000043741543,<mark>LOI</mark> n° 2021-875 du 1er juillet 2021 <mark>visant</mark> à <mark>améliorer</mark> la <mark>trésorerie</mark> des <mark>associations</mark> (1),1.05,13419,ok
DLR5L15N38104,DLR5L15N38104,1820,2019-03-27,"l'ensemble de la proposition de loi de simplification, de clarification et d'actualisation du droit des sociétés (première lecture).",JORFTEXT000038792157,"<mark>LOI</mark> n° 2019-744 du 19 juillet 2019 de <mark>simplification</mark>, de <mark>clarification</mark> et <mark>d'actualisation</mark> du <mark>droit</mark> des <mark>sociétés</mark> (1)",1.14,22805,ok
DLR5L15N45349,DLR5L15N45349,1826,2019-04-04,l'ensemble de la proposition de loi visant à la création d'un répertoire des dérogations et adaptations normatives applicables aux personnes handicapées ou atteintes de maladies rares (première lecture).,,,0.00,0,low_score_or_no_match
DLR5L15N42066,DLR5L15N42066,1836,2019-04-10,l'ensemble de la proposition de loi visant à préserver les intérêts de la défense et de la sécurité nationale de la France dans le cadre de l'exploitation des réseaux radioélectriques mobiles (première lecture).,JORFTEXT000038864094,<mark>LOI</mark> n° 2019-810 du 1er août 2019 <mark>visant</mark> à <mark>préserver</mark> les <mark>intérêts</mark> de la <mark>défense</mark> et de la <mark>sécurité</mark> <mark>nationale</mark> de la <mark>France</mark> dans le <mark>cadre</mark> de <mark>l'exploitation</mark> des <mark>réseaux</mark> <mark>radioélectriques</mark> <mark>mobiles</mark> (1),1.14,8614,ok
DLR5L15N36719,DLR5L15N36719,1850,2019-05-07,l'ensemble de la proposition de loi visant à renforcer l'accompagnement des jeunes majeurs vulnérables vers l'autonomie (première lecture).,JORFTEXT000038496102,,0.19,0,low_score_or_no_match
DLR5L15N38182,DLR5L15N38182,1852,2019-05-09,l'ensemble de la proposition de loi pour la protection foncière des activités agricoles et des cultures marines en zone littorale (deuxième lecture).,JORFTEXT000038489303,<mark>LOI</mark> n° 2019-469 du 20 mai 2019 pour la <mark>protection</mark> <mark>foncière</mark> des <mark>activités</mark> <mark>agricoles</mark> et des <mark>cultures</mark> <mark>marines</mark> en <mark>zone</mark> <mark>littorale</mark> (1),1.19,3467,ok
DLR5L15N37678,DLR5L15N37678,1889,2019-05-10,l'ensemble du projet de loi pour la conservation et la restauration de la cathédrale Notre-Dame de Paris et instituant une souscription nationale à cet effet (première lecture).,JORFTEXT000038843049,<mark>LOI</mark> n° 2019-803 du 29 juillet 2019 pour la <mark>conservation</mark> et la <mark>restauration</mark> de la <mark>cathédrale</mark> Notre-<mark>Dame</mark> de <mark>Paris</mark> et <mark>instituant</mark> une <mark>souscription</mark> <mark>nationale</mark> à cet <mark>effet</mark> (1),1.16,13893,ok
DLR5L15N36450,DLR5L15N36450,1965,2019-06-19,l'ensemble du projet de loi de règlement du budget et d'approbation des comptes de l'année 2018 (première lecture).,JORFTEXT000038864100,<mark>LOI</mark> n° 2019-811 du 1er août 2019 de <mark>règlement</mark> du <mark>budget</mark> et <mark>d'approbation</mark> des <mark>comptes</mark> de <mark>l'année</mark> <mark>2018</mark> (1),1.18,52277,ok
DLR5L15N37308,DLR5L15N37308,2044,2019-07-10,l'ensemble de la proposition de loi visant à adapter l'organisation des communes nouvelles à la diversité des territoires (première lecture).,JORFTEXT000038864079,<mark>LOI</mark> n° 2019-809 du 1er août 2019 <mark>visant</mark> à <mark>adapter</mark> <mark>l'organisation</mark> des <mark>communes</mark> <mark>nouvelles</mark> à la <mark>diversité</mark> des <mark>territoires</mark> (1),1.19,18962,ok
DLR5L15N37607,DLR5L15N37607,2059,2019-07-23,"l'ensemble du projet de loi autorisant la ratification de l'accord économique et commercial global entre l'Union européenne et ses États membres, d'une part, et le Canada, d'autre part, et de l'accord de partenariat stratégique entre l'Union européenne et ses États membres, d'une part, et le Canada, d'autre part (première lecture).",JORFTEXT000048727345,,0.05,0,low_score_or_no_match
DLR5L15N37404,DLR5L15N37404,2063,2019-07-23,l'ensemble du projet de loi relatif à la modernisation de la distribution de la presse (première lecture).,JORFTEXT000039241255,<mark>LOI</mark> n° 2019-1063 du 18 octobre 2019 relative à la <mark>modernisation</mark> de la <mark>distribution</mark> de la <mark>presse</mark> (1),0.90,65515,ok
DLR5L15N41965,DLR5L15N41965,2079,2019-09-24,l'ensemble de la proposition de loi organique visant à clarifier diverses dispositions du droit électoral (première lecture).,JORFTEXT000039439981,<mark>LOI</mark> <mark>organique</mark> n° 2019-1268 du 2 décembre 2019 <mark>visant</mark> à <mark>clarifier</mark> <mark>diverses</mark> <mark>dispositions</mark> du <mark>droit</mark> <mark>électoral</mark> (1),1.46,3967,ok
DLR5L15N37702,DLR5L15N37702,2147,2019-10-15,l'ensemble de la proposition de loi visant à agir contre les violences au sein de la famille (première lecture).,JORFTEXT000039684243,<mark>LOI</mark> n° 2019-1480 du 28 décembre 2019 <mark>visant</mark> à <mark>agir</mark> <mark>contre</mark> les <mark>violences</mark> au <mark>sein</mark> de la <mark>famille</mark> (1),1.16,25972,ok
DLR5L15N37698,DLR5L15N37698,2336,2019-11-28,l'ensemble de la proposition de loi visant à répondre à la demande des patients par la création de Points d'accueil pour soins immédiats (première lecture).,JORFTEXT000052075903,,0.15,0,low_score_or_no_match
DLR5L15N43049,DLR5L15N43049,2342,2019-12-04,l'ensemble de la proposition de loi relative à la transparence de l'information sur les produits agricoles et alimentaires (première lecture).,JORFTEXT000041982762,<mark>LOI</mark> n° 2020-699 du 10 juin 2020 <mark>relative</mark> à la <mark>transparence</mark> de <mark>l'information</mark> sur les <mark>produits</mark> <mark>agricoles</mark> et <mark>alimentaires</mark> (1),1.10,9560,ok
DLR5L15N37884,DLR5L15N37884,2351,2019-12-12,l'ensemble de la proposition de loi relative au passage de l'épreuve théorique du code de la route dans les lycées (première lecture).,JORFTEXT000033934948,,0.12,0,low_score_or_no_match
DLR5L15N41758,DLR5L15N41758,2352,2019-12-12,l'ensemble de la proposition de loi visant à étendre la qualité de pupille de la Nation aux enfants des sauveteurs en mer décédés dans le cadre de leur mission de sauvetage et à assurer les besoins de financement de la Société nationale de sauvetage en mer (première lecture).,,,0.00,0,low_score_or_no_match
DLR5L15N37946,DLR5L15N37946,2408,2019-12-19,l'ensemble du projet de loi relatif à l'engagement dans la vie locale et à la proximité de l'action publique (texte de la commission mixte paritaire).,JORFTEXT000039681877,<mark>LOI</mark> n° 2019-1461 du 27 décembre 2019 relative à <mark>l'engagement</mark> dans la <mark>vie</mark> <mark>locale</mark> et à la <mark>proximité</mark> de <mark>l'action</mark> <mark>publique</mark> (1),1.05,185383,ok
DLR5L15N38489,DLR5L15N38489,2427,2020-01-29,l'ensemble de la proposition de loi visant à protéger les victimes de violences conjugales (première lecture).,JORFTEXT000042176652,<mark>LOI</mark> n° 2020-936 du 30 juillet 2020 <mark>visant</mark> à <mark>protéger</mark> les <mark>victimes</mark> de <mark>violences</mark> <mark>conjugales</mark> (1),1.10,19195,ok
DLR5L15N38204,DLR5L15N38204,2431,2020-01-30,l'ensemble de la proposition de loi visant à instaurer un congé de deuil de douze jours consécutifs pour le décès d'un enfant mineur (première lecture).,JORFTEXT000042738027,,0.11,0,low_score_or_no_match
DLR5L15N38205,DLR5L15N38205,2437,2020-01-30,l'ensemble de la proposition de loi visant à améliorer l'accès à certaines professions des personnes atteintes de maladies chroniques (première lecture).,JORFTEXT000044441220,<mark>LOI</mark> n° 2021-1575 du 6 décembre 2021 relative aux restrictions <mark>d'accès</mark> à <mark>certaines</mark> <mark>professions</mark> en raison de l'état de santé (1),0.38,0,rejected_low_score
DLR5L15N38380,DLR5L15N38380,2445,2020-01-30,l'ensemble de la proposition de loi relative à la déshérence des retraites supplémentaires (première lecture).,JORFTEXT000043189305,<mark>LOI</mark> n° 2021-219 du 26 février 2021 <mark>relative</mark> à la <mark>déshérence</mark> des contrats de <mark>retraite</mark> <mark>supplémentaire</mark> (1),0.55,6605,ok
DLR5L15N38414,DLR5L15N38414,2454,2020-02-13,l'ensemble de la proposition de loi portant diverses mesures de justice sociale (première lecture).,JORFTEXT000000221912,<mark>LOI</mark> n° 2001-1168 du 11 décembre 2001 <mark>portant</mark> <mark>mesures</mark> urgentes de réformes à caractère économique et financier (1),0.40,0,rejected_low_score
DLR5L15N37771,DLR5L15N37771,2455,2020-02-13,l'ensemble de la proposition de loi relative au droit des victimes de présenter une demande d'indemnité au fonds de garantie des actes de terrorisme et autres infractions (première lecture).,JORFTEXT000042075133,<mark>LOI</mark> n° 2020-833 du 2 juillet 2020 <mark>relative</mark> au <mark>droit</mark> des <mark>victimes</mark> de <mark>présenter</mark> une <mark>demande</mark> <mark>d'indemnité</mark> au <mark>Fonds</mark> de <mark>garantie</mark> des <mark>victimes</mark> des <mark>actes</mark> de <mark>terrorisme</mark> et <mark>d'autres</mark> <mark>infractions</mark> (1),1.12,753,ok
DLR5L15N40710,DLR5L15N40710,2459,2020-02-13,l'ensemble de la proposition de loi relative à la protection patrimoniale des langues régionales et à leur promotion (première lecture).,JORFTEXT000043524722,<mark>LOI</mark> n° 2021-641 du 21 mai 2021 <mark>relative</mark> à la <mark>protection</mark> <mark>patrimoniale</mark> des <mark>langues</mark> <mark>régionales</mark> et à leur <mark>promotion</mark> (1),1.05,4298,ok
DLR5L15N42607,DLR5L15N42607,2742,2020-05-13,l'ensemble de la proposition de loi visant à lutter contre les contenus haineux sur internet (lecture définitive).,JORFTEXT000042031970,<mark>LOI</mark> n° 2020-766 du 24 juin 2020 <mark>visant</mark> à <mark>lutter</mark> <mark>contre</mark> les <mark>contenus</mark> <mark>haineux</mark> sur <mark>internet</mark> (1),1.18,8903,ok
DLR5L15N38251,DLR5L15N38251,2769,2020-06-25,l'ensemble de la proposition de loi pour une éthique de l'urgence (première lecture).,JORFTEXT000053508155,<mark>LOI</mark> n° 2026-103 du 19 février 2026 de finances pour 2026 (1),0.38,0,rejected_low_score
DLR5L15N42037,DLR5L15N42037,2815,2020-07-15,l'ensemble de la proposition de loi visant à encadrer le démarchage téléphonique et à lutter contre les appels frauduleux (texte de la commission mixte paritaire).,JORFTEXT000042148119,<mark>LOI</mark> n° 2020-901 du 24 juillet 2020 <mark>visant</mark> à <mark>encadrer</mark> le <mark>démarchage</mark> <mark>téléphonique</mark> et à <mark>lutter</mark> <mark>contre</mark> les <mark>appels</mark> <mark>frauduleux</mark> (1),1.19,15371,ok
DLR5L15N43090,DLR5L15N43090,2865,2020-09-16,l'ensemble de la proposition de loi relative au renforcement de l'inclusion dans l'emploi par l'activité économique et à l'expérimentation « territoire zéro chômeur de longue durée » (première lecture).,JORFTEXT000042665434,<mark>LOI</mark> n° 2020-1577 du 14 décembre 2020 <mark>relative</mark> au <mark>renforcement</mark> de <mark>l'inclusion</mark> dans <mark>l'emploi</mark> par <mark>l'activité</mark> <mark>économique</mark> et à <mark>l'expérimentation</mark> <mark>«</mark> <mark>territoire</mark> <mark>zéro</mark> <mark>chômeur</mark> de <mark>longue</mark> <mark>durée</mark> <mark>»</mark> (1),1.15,38177,ok
DLR5L15N45705,DLR5L15N45705,2881,2020-09-23,l'ensemble du projet de loi de programmation de la recherche pour les années 2021 à 2030 et portant diverses dispositions relatives à la recherche et à l'enseignement supérieur (première lecture).,JORFTEXT000042738027,<mark>LOI</mark> n° 2020-1674 du 24 décembre 2020 de <mark>programmation</mark> de la <mark>recherche</mark> pour les <mark>années</mark> <mark>2021</mark> à <mark>2030</mark> et <mark>portant</mark> <mark>diverses</mark> <mark>dispositions</mark> <mark>relatives</mark> à la <mark>recherche</mark> et à <mark>l'enseignement</mark> <mark>supérieur</mark> (1),1.15,304099,ok
DLR5L15N40525,DLR5L15N40525,2915,2020-10-01,l'ensemble du projet de loi prorogeant le régime transitoire institué à la sortie de l'état d'urgence sanitaire (première lecture).,,,0.00,0,low_score_or_no_match
DLR5L15N42947,DLR5L15N42947,2940,2020-10-06,l'ensemble du projet de loi relatif aux conditions de mise sur le marché de certains produits phytopharmaceutiques en cas de danger sanitaire pour les betteraves sucrières (première lecture).,JORFTEXT000037547946,,0.08,0,low_score_or_no_match
DLR5L15N44448,DLR5L15N44448,2952,2020-10-08,l'ensemble de la proposition de loi visant à renforcer le droit à l'avortement (première lecture).,JORFTEXT000045287560,<mark>LOI</mark> n° 2022-295 du 2 mars 2022 <mark>visant</mark> à <mark>renforcer</mark> le <mark>droit</mark> à <mark>l'avortement</mark> (1),1.05,3830,ok
DLR5L15N42948,DLR5L15N42948,3124,2020-11-06,l'ensemble du projet de loi portant diverses dispositions d'adaptation au droit de l'Union européenne en matière économique et financière (nouvelle lecture).,JORFTEXT000042607095,<mark>LOI</mark> n° 2020-1508 du 3 décembre 2020 <mark>portant</mark> <mark>diverses</mark> <mark>dispositions</mark> <mark>d'adaptation</mark> au <mark>droit</mark> de <mark>l'Union</mark> <mark>européenne</mark> en <mark>matière</mark> <mark>économique</mark> et <mark>financière</mark> (1),1.18,148910,ok
DLR5L15N40616,DLR5L15N40616,3188,2020-11-17,l'ensemble du projet de loi de programmation de la recherche pour les années 2021 à 2030 et portant diverses dispositions relatives à la recherche et à l'enseignement supérieur (texte de la commission mixte paritaire).,JORFTEXT000042738027,<mark>LOI</mark> n° 2020-1674 du 24 décembre 2020 de <mark>programmation</mark> de la <mark>recherche</mark> pour les <mark>années</mark> <mark>2021</mark> à <mark>2030</mark> et <mark>portant</mark> <mark>diverses</mark> <mark>dispositions</mark> <mark>relatives</mark> à la <mark>recherche</mark> et à <mark>l'enseignement</mark> <mark>supérieur</mark> (1),1.18,304099,ok
DLR5L15N41920,DLR5L15N41920,3254,2020-11-24,l'ensemble de la proposition de loi relative à la sécurité globale (première lecture).,JORFTEXT000043530276,<mark>LOI</mark> n° 2021-646 du 25 mai 2021 pour une <mark>sécurité</mark> <mark>globale</mark> préservant les libertés (1),0.77,115891,ok
DLR5L15N38217,DLR5L15N38217,3263,2020-11-26,l'ensemble de la proposition de loi visant à promouvoir la France des accents (première lecture).,JORFTEXT000042738027,,0.18,0,low_score_or_no_match
DLR5L15N42447,DLR5L15N42447,3264,2020-11-26,l'ensemble de la proposition de loi améliorant l'efficacité de la justice de proximité et de la réponse pénale (première lecture).,JORFTEXT000043339206,<mark>LOI</mark> n° 2021-401 du 8 avril 2021 <mark>améliorant</mark> <mark>l'efficacité</mark> de la <mark>justice</mark> de <mark>proximité</mark> et de la <mark>réponse</mark> <mark>pénale</mark> (1),1.13,12071,ok
DLR5L15N38285,DLR5L15N38285,3270,2020-11-30,l'ensemble de la proposition de loi relative au renforcement de l'inclusion dans l'emploi par l'activité dans l'emploi par l'activité économique et à l'expérimentation « territoires zéro chômeur de longue durée » (texte de la commisson mixte pariraire).,JORFTEXT000042665434,<mark>LOI</mark> n° 2020-1577 du 14 décembre 2020 <mark>relative</mark> au <mark>renforcement</mark> de <mark>l'inclusion</mark> dans <mark>l'emploi</mark> par <mark>l'activité</mark> <mark>économique</mark> et à <mark>l'expérimentation</mark> <mark>«</mark> <mark>territoire</mark> <mark>zéro</mark> <mark>chômeur</mark> de <mark>longue</mark> <mark>durée</mark> <mark>»</mark> (1),1.11,38177,ok
DLR5L15N40951,DLR5L15N40951,3298,2020-12-09,l'ensemble du projet de loi relatif au Parquet européen et à la justice pénale spécialisée (première lecture).,JORFTEXT000048430512,,0.22,0,low_score_or_no_match
DLR5L15N41103,DLR5L15N41103,3328,2021-01-28,l'ensemble de la proposition de loi visant à améliorer l'accessibilité des personnes qui ont un trouble du spectre de l'autisme par la mise en place d'une « heure silencieuse » dans les magasins de la grande distribution (première lecture).,,,0.00,0,low_score_or_no_match
DLR5L15N41049,DLR5L15N41049,3330,2021-01-28,l'ensemble de la proposition de loi rénovant la gouvernance du service public d'eau potable et d'assainissement en Guadeloupe (première lecture).,JORFTEXT000043458617,<mark>LOI</mark> n° 2021-513 du 29 avril 2021 <mark>rénovant</mark> la <mark>gouvernance</mark> des <mark>services</mark> <mark>publics</mark> <mark>d'eau</mark> <mark>potable</mark> et <mark>d'assainissement</mark> en <mark>Guadeloupe</mark> (1),0.86,13962,ok
DLR5L15N41193,DLR5L15N41193,3440,2021-02-18,l'ensemble de la proposition de loi renforçant la protection des mineurs victimes de violences sexuelles (première lecture).,JORFTEXT000037284450,<mark>LOI</mark> n° 2018-703 du 3 août 2018 <mark>renforçant</mark> la lutte contre les <mark>violences</mark> <mark>sexuelles</mark> et sexistes (1),0.50,23225,ok
DLR5L15N45213,DLR5L15N45213,3454,2021-03-02,l'ensemble du projet de loi de programmation relatif au développement solidaire et à la lutte contre les inégalités mondiales (première lecture).,JORFTEXT000043898536,<mark>LOI</mark> n° 2021-1031 du 4 août 2021 de <mark>programmation</mark> relative au <mark>développement</mark> <mark>solidaire</mark> et à la <mark>lutte</mark> <mark>contre</mark> les <mark>inégalités</mark> <mark>mondiales</mark> (1),0.99,163138,ok
DLR5L15N41425,DLR5L15N41425,3484,2021-03-16,l'ensemble du projet de loi constitutionnelle complétant l'article 1er de la Constitution et relatif à la préservation de l'environnement (première lecture).,JORFTEXT000043956924,,0.11,0,low_score_or_no_match
DLR5L15N42106,DLR5L15N42106,3738,2021-05-04,l'ensemble du projet de loi portant lutte contre le dérèglement climatique et renforcement de la résilience face à ses effets (première lecture).,JORFTEXT000043956924,<mark>LOI</mark> n° 2021-1104 du 22 août 2021 <mark>portant</mark> <mark>lutte</mark> <mark>contre</mark> le <mark>dérèglement</mark> <mark>climatique</mark> et <mark>renforcement</mark> de la <mark>résilience</mark> <mark>face</mark> à ses <mark>effets</mark> (1),1.14,607507,ok
DLR5L15N40091,DLR5L15N40091,3792,2021-05-27,l'ensemble de la proposition de loi visant à consolider notre modèle de sécurité civile et valoriser le volontariat des sapeurs-pompiers (première lecture).,JORFTEXT000044367862,<mark>LOI</mark> n° 2021-1520 du 25 novembre 2021 <mark>visant</mark> à <mark>consolider</mark> notre <mark>modèle</mark> de <mark>sécurité</mark> <mark>civile</mark> et <mark>valoriser</mark> le <mark>volontariat</mark> des <mark>sapeurs</mark>-<mark>pompiers</mark> et les <mark>sapeurs</mark>-<mark>pompiers</mark> professionnels (1),1.10,111727,ok
DLR5L15N45605,DLR5L15N45605,3995,2021-10-07,l'ensemble de la proposition de loi visant à favoriser l'accès de tous les étudiants à une offre de restauration à tarif modéré (première lecture).,JORFTEXT000047439303,<mark>LOI</mark> n° 2023-265 du 13 avril 2023 <mark>visant</mark> à <mark>favoriser</mark> <mark>l'accès</mark> de <mark>tous</mark> les <mark>étudiants</mark> à une <mark>offre</mark> de <mark>restauration</mark> à <mark>tarif</mark> <mark>modéré</mark> (1),1.05,1490,ok
DLR5L15N44955,DLR5L15N44955,4151,2021-11-16,l'ensemble de la proposition de loi visant à lutter contre la maltraitance animale et conforter le lien entre les animaux et les hommes (texte de la commission mixte paritaire).,JORFTEXT000044387560,<mark>LOI</mark> n° 2021-1539 du 30 novembre 2021 <mark>visant</mark> à <mark>lutter</mark> <mark>contre</mark> la <mark>maltraitance</mark> <mark>animale</mark> et <mark>conforter</mark> le <mark>lien</mark> <mark>entre</mark> les <mark>animaux</mark> et les <mark>hommes</mark> (1),1.19,52873,ok
DLR5L15N45726,DLR5L15N45726,4152,2021-11-16,l'ensemble de la proposition de loi visant à consolider notre modèle de sécurité civile et valoriser le volontariat des sapeurs pompiers et les sapeurs pompiers professionnels (texte de la commission mixte paritaire).,JORFTEXT000044367862,<mark>LOI</mark> n° 2021-1520 du 25 novembre 2021 <mark>visant</mark> à <mark>consolider</mark> notre <mark>modèle</mark> de <mark>sécurité</mark> <mark>civile</mark> et <mark>valoriser</mark> le <mark>volontariat</mark> des <mark>sapeurs</mark>-<mark>pompiers</mark> et les <mark>sapeurs</mark>-<mark>pompiers</mark> <mark>professionnels</mark> (1),1.19,111727,ok
DLR5L15N43745,DLR5L15N43745,4178,2021-11-25,l'ensemble de la proposition de loi visant à moderniser la lutte contre la contrefaçon (première lecture).,,,0.00,0,low_score_or_no_match
DLR5L15N43746,DLR5L15N43746,4182,2021-11-25,l'ensemble de la proposition de loi visant à faire évoluer la formation de sage-femme (première lecture).,JORFTEXT000047055162,<mark>LOI</mark> n° 2023-29 du 25 janvier 2023 <mark>visant</mark> à <mark>faire</mark> <mark>évoluer</mark> la <mark>formation</mark> de <mark>sage</mark>-<mark>femme</mark> (1),1.05,5212,ok
DLR5L15N44065,DLR5L15N44065,4211,2021-12-01,l'ensemble de la proposition de loi visant à combattre le harcèlement scolaire (première lecture).,JORFTEXT000045287658,<mark>LOI</mark> n° 2022-299 du 2 mars 2022 <mark>visant</mark> à <mark>combattre</mark> le <mark>harcèlement</mark> <mark>scolaire</mark> (1),1.15,12371,ok
DLR5L15N38252,DLR5L15N38252,4243,2021-12-13,l'ensemble de la proposition de loi créant la fonction de directrice ou de directeur d'école (texte de la commission mixte paritaire).,JORFTEXT000044537507,<mark>LOI</mark> n° 2021-1716 du 21 décembre 2021 <mark>créant</mark> la <mark>fonction</mark> de <mark>directrice</mark> ou de <mark>directeur</mark> <mark>d'école</mark> (1),1.20,6105,ok
DLR5L15N38288,DLR5L15N38288,4244,2021-12-13,l'ensemble de la proposition de loi visant à accélérer l'égalité économique et professionnelle (texte de la commission mixte paritaire).,JORFTEXT000044559192,<mark>LOI</mark> n° 2021-1774 du 24 décembre 2021 <mark>visant</mark> à <mark>accélérer</mark> <mark>l'égalité</mark> <mark>économique</mark> et <mark>professionnelle</mark> (1),1.19,23451,ok
DLR5L15N44107,DLR5L15N44107,4298,2022-01-13,l'ensemble de la proposition de loi visant à réhabiliter les militaires « fusillés pour l'exemple » durant la Première Guerre mondiale (première lecture).,,,0.00,0,low_score_or_no_match
DLR5L15N44352,DLR5L15N44352,4325,2022-01-18,l'ensemble de la proposition de loi relative à l'adoption (nouvelle lecture).,JORFTEXT000000221699,<mark>LOI</mark> no 2001-111 du 6 février 2001  <mark>relative</mark> à <mark>l'adoption</mark> internationale (1),1.00,3780,ok
DLR5L15N44426,DLR5L15N44426,4342,2022-01-20,l'ensemble de la proposition de loi visant à lutter contre la précarité des accompagnants d'élèves en situation de handicap et des assistants d'éducation (première lecture).,JORFTEXT000046751169,<mark>LOI</mark> n° 2022-1574 du 16 décembre 2022 <mark>visant</mark> à <mark>lutter</mark> <mark>contre</mark> la <mark>précarité</mark> des <mark>accompagnants</mark> <mark>d'élèves</mark> en <mark>situation</mark> de <mark>handicap</mark> et des <mark>assistants</mark> <mark>d'éducation</mark> (1),1.02,1446,ok
DLR5L15N42927,DLR5L15N42927,4353,2022-01-27,l'ensemble du projet de loi autorisant la ratification de la convention du Conseil de l'Europe contre le trafic d'organes humains (première lecture).,JORFTEXT000046081087,<mark>LOI</mark> n° 2022-1032 du 22 juillet 2022 <mark>autorisant</mark> la <mark>ratification</mark> de la <mark>convention</mark> du <mark>Conseil</mark> de <mark>l'Europe</mark> <mark>contre</mark> le <mark>trafic</mark> <mark>d'organes</mark> <mark>humains</mark> (1),1.10,583,ok
DLR5L15N42835,DLR5L15N42835,4356,2022-01-27,l'ensemble du projet de loi autorisant l'approbation de l'accord entre le Gouvernement de la République française et le Gouvernement de l'État du Qatar relatif au statut de leurs forces (première lecture).,JORFTEXT000046113130,<mark>LOI</mark> n° 2022-1053 du 29 juillet 2022 <mark>autorisant</mark> <mark>l'approbation</mark> de <mark>l'accord</mark> <mark>entre</mark> le <mark>Gouvernement</mark> de la <mark>République</mark> <mark>française</mark> et le <mark>Gouvernement</mark> de <mark>l'Etat</mark> du <mark>Qatar</mark> <mark>relatif</mark> au <mark>statut</mark> de leurs <mark>forces</mark> (1),1.10,650,ok
DLR5L15N44511,DLR5L15N44511,4362,2022-02-03,l'ensemble de la proposition de loi relative à l'interdiction progressive des additifs nitrés dans les produits de charcuterie (première lecture).,JORFTEXT000000261609,,0.12,0,low_score_or_no_match
DLR5L15N44665,DLR5L15N44665,4408,2022-02-16,l'ensemble de la proposition de loi portant diverses dispositions d'adaptation au droit de l'Union européenne en matière de prévention de la diffusion de contenus à caractère terroriste en ligne (première lecture).,JORFTEXT000046186784,<mark>LOI</mark> n° 2022-1159 du 16 août 2022 <mark>portant</mark> <mark>diverses</mark> <mark>dispositions</mark> <mark>d'adaptation</mark> au <mark>droit</mark> de <mark>l'Union</mark> <mark>européenne</mark> en <mark>matière</mark> de <mark>prévention</mark> de la <mark>diffusion</mark> de <mark>contenus</mark> à <mark>caractère</mark> <mark>terroriste</mark> en <mark>ligne</mark> (1),1.10,10811,ok
DLR5L15N38084,DLR5L15N38084,4410,2022-02-21,l'ensemble de la proposition de loi relative au choix du nom issu de la filiation (nouvelle lecture).,JORFTEXT000045287682,<mark>LOI</mark> n° 2022-301 du 2 mars 2022 <mark>relative</mark> au <mark>choix</mark> du <mark>nom</mark> <mark>issu</mark> de la <mark>filiation</mark> (1),1.19,3251,ok
DLR5L15N40634,DLR5L15N40634,4412,2022-02-22,l'ensemble de la proposition de loi visant à renforcer le contrôle parental sur les moyens d'accès à internet (texte de la commission mixte paritaire).,JORFTEXT000045287677,<mark>LOI</mark> n° 2022-300 du 2 mars 2022 <mark>visant</mark> à <mark>renforcer</mark> le <mark>contrôle</mark> <mark>parental</mark> sur les <mark>moyens</mark> <mark>d'accès</mark> à <mark>internet</mark> (1),1.20,6687,ok
