party,category,direction,party_pct,corpus_pct,diff_pp
EELV,501 - Environmental Protection: Positive,over,12.28,4.27,8.01
EELV,416 - Anti-Growth Economy: Positive,over,7.9,2.87,5.02
EELV,411 - Technology and Infrastructure,over,8.33,4.41,3.92
EELV,403 - Market Regulation,over,6.58,3.46,3.12
EELV,604 - Traditional Morality: Negative,over,2.19,1.1,1.09
EELV,105 - Military: Negative,over,1.32,0.23,1.09
EELV,701 - Labour Groups: Positive,under,2.63,6.74,-4.11
EELV,605 - Law and Order: Positive,under,3.51,7.3,-3.79
EELV,506 - Education Expansion,under,2.19,5.15,-2.95
EELV,504 - Welfare State Expansion,under,8.77,11.45,-2.67
EELV,303 - Governmental and Administrative Efficiency,under,1.32,3.41,-2.1
EELV,402 - Incentives,under,1.75,3.63,-1.87
FN,601 - National Way of Life: Positive,over,8.76,3.31,5.45
FN,605 - Law and Order: Positive,over,11.31,7.3,4.01
FN,104 - Military: Positive,over,4.38,1.47,2.91
FN,406 - Protectionism: Positive,over,3.65,1.09,2.56
FN,608 - Multiculturalism: Negative,over,2.92,0.64,2.28
FN,403 - Market Regulation,over,5.11,3.46,1.65
FN,305 - Political Authority,under,0.36,5.94,-5.58
FN,701 - Labour Groups: Positive,under,3.65,6.74,-3.09
FN,108 - European Community/Union: Positive,under,1.1,4.09,-3.0
FN,202 - Democracy,under,3.28,5.42,-2.13
FN,501 - Environmental Protection: Positive,under,2.19,4.27,-2.08
FN,416 - Anti-Growth Economy: Positive,under,1.46,2.87,-1.41
LFI,107 - Internationalism: Positive,over,6.74,1.74,5.0
LFI,501 - Environmental Protection: Positive,over,6.74,4.27,2.47
LFI,403 - Market Regulation,over,5.48,3.46,2.03
LFI,416 - Anti-Growth Economy: Positive,over,4.49,2.87,1.62
LFI,106 - Peace,over,1.8,0.26,1.54
LFI,503 - Equality: Positive,over,8.36,6.88,1.47
LFI,402 - Incentives,under,0.45,3.63,-3.18
LFI,305 - Political Authority,under,3.06,5.94,-2.89
LFI,108 - European Community/Union: Positive,under,1.62,4.09,-2.48
LFI,303 - Governmental and Administrative Efficiency,under,1.08,3.41,-2.33
LFI,504 - Welfare State Expansion,under,9.16,11.45,-2.28
LFI,605 - Law and Order: Positive,under,5.3,7.3,-2.0
LR,305 - Political Authority,over,8.51,5.94,2.57
LR,706 - Non-economic Demographic Groups,over,3.55,1.05,2.49
LR,601 - National Way of Life: Positive,over,5.67,3.31,2.36
LR,701 - Labour Groups: Positive,over,8.51,6.74,1.77
LR,605 - Law and Order: Positive,over,8.86,7.3,1.56
LR,505 - Welfare State Limitation,over,1.42,0.35,1.07
LR,416 - Anti-Growth Economy: Positive,under,0.36,2.87,-2.52
LR,202 - Democracy,under,3.19,5.42,-2.23
LR,107 - Internationalism: Positive,under,0.0,1.74,-1.74
LR,411 - Technology and Infrastructure,under,2.84,4.41,-1.58
LR,403 - Market Regulation,under,2.13,3.46,-1.33
LR,502 - Culture: Positive,under,0.71,1.77,-1.06
LREM,303 - Governmental and Administrative Efficiency,over,8.55,3.41,5.14
LREM,503 - Equality: Positive,over,9.85,6.88,2.96
LREM,304 - Political Corruption,over,2.33,0.75,1.58
LREM,411 - Technology and Infrastructure,over,5.96,4.41,1.54
LREM,608 - Multiculturalism: Negative,over,1.81,0.64,1.18
LREM,506 - Education Expansion,over,6.22,5.15,1.07
LREM,305 - Political Authority,under,2.59,5.94,-3.35
LREM,202 - Democracy,under,3.11,5.42,-2.31
LREM,416 - Anti-Growth Economy: Positive,under,0.78,2.87,-2.1
LREM,701 - Labour Groups: Positive,under,5.18,6.74,-1.56
LREM,501 - Environmental Protection: Positive,under,2.85,4.27,-1.42
LREM,413 - Nationalisation,under,0.0,0.85,-0.85
MoDem,506 - Education Expansion,over,10.55,5.15,5.4
MoDem,202 - Democracy,over,8.93,5.42,3.51
MoDem,606 - Civic Mindedness: Positive,over,3.24,1.22,2.02
MoDem,107 - Internationalism: Positive,over,3.45,1.74,1.71
MoDem,403 - Market Regulation,over,4.87,3.46,1.41
MoDem,303 - Governmental and Administrative Efficiency,over,4.46,3.41,1.05
MoDem,701 - Labour Groups: Positive,under,2.23,6.74,-4.51
MoDem,605 - Law and Order: Positive,under,3.85,7.3,-3.45
MoDem,305 - Political Authority,under,2.64,5.94,-3.3
MoDem,501 - Environmental Protection: Positive,under,2.23,4.27,-2.04
MoDem,413 - Nationalisation,under,0.0,0.85,-0.85
MoDem,706 - Non-economic Demographic Groups,under,0.41,1.05,-0.65
PCF,305 - Political Authority,over,23.08,5.94,17.14
PCF,701 - Labour Groups: Positive,over,17.95,6.74,11.21
PCF,202 - Democracy,over,10.26,5.42,4.84
PCF,413 - Nationalisation,over,5.13,0.85,4.28
PCF,416 - Anti-Growth Economy: Positive,over,5.13,2.87,2.26
PCF,110 - European Community/Union: Negative,over,2.56,0.53,2.03
PCF,506 - Education Expansion,under,0.0,5.15,-5.15
PCF,411 - Technology and Infrastructure,under,0.0,4.41,-4.41
PCF,501 - Environmental Protection: Positive,under,0.0,4.27,-4.27
PCF,504 - Welfare State Expansion,under,7.69,11.45,-3.75
PCF,403 - Market Regulation,under,0.0,3.46,-3.46
PCF,303 - Governmental and Administrative Efficiency,under,0.0,3.41,-3.41
PRG,108 - European Community/Union: Positive,over,9.12,4.09,5.03
PRG,402 - Incentives,over,8.64,3.63,5.01
PRG,604 - Traditional Morality: Negative,over,4.32,1.1,3.22
PRG,506 - Education Expansion,over,7.36,5.15,2.21
PRG,303 - Governmental and Administrative Efficiency,over,5.28,3.41,1.87
PRG,201 - Freedom and Human Rights,over,2.08,1.18,0.9
PRG,305 - Political Authority,under,1.6,5.94,-4.34
PRG,701 - Labour Groups: Positive,under,3.52,6.74,-3.22
PRG,601 - National Way of Life: Positive,under,0.96,3.31,-2.35
PRG,501 - Environmental Protection: Positive,under,2.24,4.27,-2.03
PRG,605 - Law and Order: Positive,under,5.76,7.3,-1.54
PRG,413 - Nationalisation,under,0.0,0.85,-0.85
PS,504 - Welfare State Expansion,over,18.99,11.45,7.54
PS,605 - Law and Order: Positive,over,11.39,7.3,4.09
PS,701 - Labour Groups: Positive,over,8.86,6.74,2.12
PS,501 - Environmental Protection: Positive,over,6.33,4.27,2.06
PS,502 - Culture: Positive,over,3.8,1.77,2.03
PS,304 - Political Corruption,over,2.53,0.75,1.78
PS,601 - National Way of Life: Positive,under,0.0,3.31,-3.31
PS,303 - Governmental and Administrative Efficiency,under,1.27,3.41,-2.15
PS,305 - Political Authority,under,3.8,5.94,-2.14
PS,107 - Internationalism: Positive,under,0.0,1.74,-1.74
PS,104 - Military: Positive,under,0.0,1.47,-1.47
PS,606 - Civic Mindedness: Positive,under,0.0,1.22,-1.22
UDI,305 - Political Authority,over,8.51,5.94,2.57
UDI,706 - Non-economic Demographic Groups,over,3.55,1.05,2.49
UDI,601 - National Way of Life: Positive,over,5.67,3.31,2.36
UDI,701 - Labour Groups: Positive,over,8.51,6.74,1.77
UDI,605 - Law and Order: Positive,over,8.86,7.3,1.56
UDI,505 - Welfare State Limitation,over,1.42,0.35,1.07
UDI,416 - Anti-Growth Economy: Positive,under,0.36,2.87,-2.52
UDI,202 - Democracy,under,3.19,5.42,-2.23
UDI,107 - Internationalism: Positive,under,0.0,1.74,-1.74
UDI,411 - Technology and Infrastructure,under,2.84,4.41,-1.58
UDI,403 - Market Regulation,under,2.13,3.46,-1.33
UDI,502 - Culture: Positive,under,0.71,1.77,-1.06
