scrutin_id,titulo,fecha,fecha_iso,dossier_ref
2,l'ensemble du projet de loi prorogeant l'application de la loi n? 55-385 du 3 avril 1955 relative a l'etat d'urgence (premiere lecture).,2017-07-06,2017-07-06,
49,l'ensemble du projet de loi d'habilitation à prendre par ordonnances les mesures pour le renforcement du dialogue social (première lecture).,2017-07-13,2017-07-13,
103,l'ensemble du projet de loi pour la confiance dans la vie publique (première lecture).,2017-07-28,2017-07-28,
104,l'ensemble du projet de loi organique pour la confiance dans la vie publique (première lecture).,2017-07-28,2017-07-28,
106,l'ensemble du projet de loi d'habilitation à prendre par ordonnances les mesures pour le renforcement du dialogue social (texte de la commission mixte paritaire).,2017-08-01,2017-08-01,
107,l'ensemble du projet de loi pour la confiance dans la vie politique (texte de la commission mixte paritaire).,2017-08-03,2017-08-03,
117,l'ensemble du projet de loi organique pour la confiance dans la vie politique (nouvelle lecture).,2017-08-03,2017-08-03,
119,l'ensemble du projet de loi organique pour la confiance dans la vie politique (lecture définitive).,2017-08-09,2017-08-09,
138,l'ensemble du projet de loi renforçant la sécurité intérieure et la lutte contre le terrorisme (première lecture).,2017-10-03,2017-10-03,
139,l'ensemble du projet de loi mettant fin à la recherche ainsi qu'à l'exploitation des hydrocarbures conventionnels et non conventionnels et portant diverses dispositions relatives à l'environnement (première lecture).,2017-10-10,2017-10-10,
183,l'ensemble du projet de loi de programmation des finances publiques pour les années 2018 à 2022 (première lecture).,2017-10-24,2017-10-24,
208,l'ensemble du projet de loi de financement de la sécurité sociale pour 2018 (première lecture).,2017-10-31,2017-10-31,
227,l'ensemble du projet de loi de finances rectificative pour 2017 (première lecture).,2017-11-06,2017-11-06,
246,l'ensemble du projet de loi de finances rectificative pour 2017 (lecture définitive).,2017-11-14,2017-11-14,
272,l'ensemble du projet de loi de finances pour 2018 (première lecture).,2017-11-21,2017-11-21,
314,l'ensemble du projet de loi ratifiant diverses ordonnances prises sur le fondement de la loi n° 2017-1340 du 15 septembre 2017 d'habilitation à prendre les mesures pour le renforcement du dialogue social (première lecture).,2017-11-28,2017-11-28,
321,l'ensemble de la proposition de loi relative à l'exercice des compétences des collectivités territoriales dans le domaine de la gestion des milieux aquatiques et de la prévention des inondations (première lecture).,2017-11-30,2017-11-30,
323,l'ensemble du projet de loi de financement de la sécurité sociale pour 2018 (lecture définitive).,2017-12-04,2017-12-04,
338,l'ensemble de la proposition de loi visant à étendre le dispositif de dons de jours de repos non pris aux aidants familiaux (première lecture).,2017-12-07,2017-12-07,
341,l'ensemble de la proposition de loi permettant une bonne application du régime d'asile européen (première lecture).,2017-12-07,2017-12-07,
345,l'ensemble du projet de loi de finances rectificative pour 2017 (première lecture).,2017-12-12,2017-12-12,
351,l'ensemble du projet de loi relatif à l'orientation et à la réussite des étudiants (première lecture).,2017-12-19,2017-12-19,
365,l'ensemble du projet de loi pour un État au service d'une société de confiance (première lecture).,2018-01-30,2018-01-30,
386,l'ensemble du projet de loi ratifiant diverses ordonnances prises sur le fondement de la loi n° 2017-1340 du 15 septembre 2017 d'habilitation à prendre par ordonnances les mesures pour le renforcement du dialogue social (texte de la commission mixte paritaire).,2018-02-06,2018-02-06,
389,l'ensemble du projet de loi relatif à la protection des données personnelles (première lecture).,2018-02-13,2018-02-13,
402,l'ensemble du projet de loi relatif à l'orientation et à la réussite des étudiants (texte de la commission mixte paritaire).,2018-02-15,2018-02-15,
403,l'ensemble du projet de loi ratifiant l'ordonnance n° 2017-48 du 19 janvier 2017 relative à la profession de physicien médical et l'ordonnance n° 2017-50 du 19 janvier 2017 relative à la reconnaissance des qualifications professionnelles dans le domaine de la santé (lecture définitive).,2018-02-15,2018-02-15,
407,l'ensemble du projet de loi relatif à l'élection des représentants au Parlement européen (première lecture).,2018-02-20,2018-02-20,
410,"l'ensemble du projet de loi, adopté par le Sénat, autorisant la ratification de l'accord de transport aérien entre les États-Unis d'Amérique, premièrement, l'Union européenne et ses États membres, deuxièmement, l'Islande, troisièmement, et le Royaume de Norvège, quatrièmement (première lecture).",2018-03-06,2018-03-06,
419,l'ensemble du projet de loi organique relatif à la consultation sur l'accession à la pleine souveraineté de la Nouvelle-Calédonie (première lecture).,2018-03-20,2018-03-20,
433,l'ensemble du projet de loi relatif à la programmation militaire pour les années 2019 à 2025 et portant diverses dispositions intéressant la défense (première lecture).,2018-03-27,2018-03-27,
434,"l'ensemble de la proposition de loi portant transposition de la directive du Parlement européen et du Conseil sur la protection des savoir-faire et des informations commerciales non divulgués contre l'obtention, l'utlisation et la divulgation illicites (première lecture).",2018-03-28,2018-03-28,
477,l'ensemble du projet de loi pour un nouveau pacte ferroviaire (première lecture).,2018-04-17,2018-04-17,
578,"l'ensemble du projet de loi pour une immigration maîtrisée, un droit d'asile effectif et une intégration réussie (première lecture).",2018-04-22,2018-04-22,
579,l'ensemble du projet de loi relatif à l'élection des représentants au Parlement européen (texte de la commission mixte paritaire).,2018-05-14,2018-05-14,
619,l'ensemble du projet de loi renforçant la lutte contre les violences sexuelles et sexistes (première lecture).,2018-05-16,2018-05-16,
622,l'ensemble de la proposition de loi en faveur de l'engagement associatif (première lecture).,2018-05-17,2018-05-17,
729,l'ensemble du projet de loi pour l'équilibre des relations commerciales dans le secteur agricole et alimentaire et une alimentation saine et durable (première lecture).,2018-05-30,2018-05-30,
928,"l'ensemble du projet de loi portant évolution du logement, de l'aménagement et du numérique (première lecture).",2018-06-12,2018-06-12,
942,l'ensemble du projet de loi pour un nouveau pacte ferroviaire (texte de la commission mixte paritaire).,2018-06-13,2018-06-13,
950,l'ensemble de la proposition de loi relative à la protection du secret des affaires (texte de la commission mixte paritaire).,2018-06-14,2018-06-14,
974,l'ensemble du projet de loi pour la liberté de choisir son avenir professionnel (première lecture).,2018-06-19,2018-06-19,
989,l'ensemble de la proposition de loi relative à l'accueil des gens du voyage et à la lutte contre les installations illicites (première lecture).,2018-06-21,2018-06-21,
995,l'ensemble du projet de loi renforçant l'efficacité de l'administration pour une relation de confiance avec le public (nouvelle lecture).,2018-06-26,2018-06-26,
998,l'ensemble de la proposition de loi relative à la lutte contre la manipulation de l'information (première lecture).,2018-07-03,2018-07-03,
999,l'ensemble de la proposition de loi organique relative à la lutte contre la manipulation de l'information (première lecture).,2018-07-03,2018-07-03,
1003,l'ensemble de la proposition de loi renforçant la lutte contre les rodéos motorisés (première lecture).,2018-07-04,2018-07-04,
1092,l'ensemble du projet de loi pour la liberté de choisir son avenir professionnel (nouvelle lecture).,2018-07-25,2018-07-25,
1110,"l'ensemble du projet de loi pour une immigration maîtrisée, un droit d'asile effectif et une intégration réussie (nouvelle lecture).",2018-07-26,2018-07-26,
1111,l'ensemble de la proposition de loi relative à l'encadrement de l'utilisation du téléphone portable dans les établissements d'enseignement scolaire (texte de la commission mixte paritaire).,2018-07-30,2018-07-30,
1113,l'ensemble de la proposition de loi relative à l'harmonisation de l'utilisation des caméras mobiles par les autorités de sécurité publique (première lecture),2018-07-30,2018-07-30,
1116,l'ensemble du projet de loi pour la liberté de choisir son avenir professionnel (lecture définitive).,2018-08-01,2018-08-01,
1117,"l'ensemble du projet de loi pour une immigration maîtrisée, un droit d'asile effectif et une intégration réussie (lecture définitive).",2018-08-01,2018-08-01,
1118,l'ensemble du projet de loi d'orientation et de programmation renforçant la lutte contre les violences sexuelles et sexistes (texte de la commission mixte paritaire).,2018-08-01,2018-08-01,
1156,"l'ensemble du projet de loi pour l'équilibre des relations commerciales dans le secteur agricole et alimentaire et une alimentation saine, durable et accessible à tous (nouvelle lecture).",2018-09-14,2018-09-14,
1171,l'ensemble du projet de loi relatif à la lutte contre la fraude (première lecture).,2018-09-26,2018-09-26,
1181,"l'ensemble du projet de loi pour l'équilibre des relations commerciales dans le secteur agricole et alimentaire et une alimentation saine, durable et accessible à tous (lecture définitive).",2018-10-02,2018-10-02,
1184,"l'ensemble du projet de loi portant évolution du logement, de l'aménagement et du numérique (texte de la commission mixte paritaire).",2018-10-03,2018-10-03,
1209,l'ensemble du projet de loi relatif à la croissance et la transformation des entreprises (première lecture).,2018-10-09,2018-10-09,
1214,l'ensemble de la proposition de loi ordinaire relative à la lutte contre la manipulation de l'information (nouvelle lecture).,2018-10-09,2018-10-09,
1215,l'ensemble du projet de loi relatif à la lutte contre la fraude (texte de la commission mixte paritaire).,2018-10-10,2018-10-10,
1330,l'ensemble du projet de loi de financement de la sécurité sociale pour 2019 (première lecture).,2018-10-30,2018-10-30,
1389,l'ensemble du projet de loi de finances rectificative pour 2018 (première lecture).,2018-11-12,2018-11-12,
1429,l'ensemble du projet de loi de finances pour 2019 (première lecture).,2018-11-20,2018-11-20,
1431,l'ensemble de la proposition de loi relative à la lutte contre la manipulation de l'information (lecture définitive).,2018-11-20,2018-11-20,
1432,l'ensemble de la proposition de loi organique relative à la lutte contre la manipulation de l'information (lecture définitive).,2018-11-20,2018-11-20,
1501,l'ensemble du projet de loi de finances rectificative pour 2018 (lecture définitive).,2018-11-28,2018-11-28,
1507,l'ensemble du projet de loi de financement de la sécurité sociale pour 2019 (nouvelle lecture).,2018-11-28,2018-11-28,
1514,"l'ensemble de la proposition de loi visant à renforcer la prise en charge des cancers pédiatriques par la recherche, le soutien aux aidants familiaux, la formation des professionnels et le droit à l'oubli (première lecture).",2018-11-29,2018-11-29,
1515,l'ensemble de la proposition de loi pour la protection des activités agricoles et des cultures marines en zones littorale et de montagne (première lecture).,2018-11-29,2018-11-29,
1516,l'ensemble de la proposition de loi relative à l'interdiction des violences éducatives ordinaires (première lecture).,2018-11-29,2018-11-29,
1519,l'ensemble du projet de loi de financement de la sécurité sociale pour 2019 (lecture définitive).,2018-12-03,2018-12-03,
1540,l'ensemble de la proposition de loi visant à encadrer le démarchage téléphonique et à lutter contre les appels frauduleux (première lecture).,2018-12-06,2018-12-06,
1549,l'ensemble de la proposition de loi visant à favoriser la reconnaissance des proches aidants (première lecture).,2018-12-06,2018-12-06,
1556,l'ensemble du projet de loi habilitant le Gouvernement à prendre par ordonnances les mesures de préparation au retrait du Royaume-Uni de l'Union européenne (première lecture).,2018-12-10,2018-12-10,
1568,l'ensemble du projet de loi de programmation 2018-2022 et de réforme pour la justice (première lecture).,2018-12-11,2018-12-11,
1570,l'ensemble du projet de loi organique relatif au renforcement de l'organisation des juridictions (première lecture).,2018-12-11,2018-12-11,
1571,l'ensemble de la proposition de loi visant à faciliter la sortie de l'indivision successorale et à relancer la politique du logement en outre-mer (deuxième lecture).,2018-12-12,2018-12-12,
1572,l'ensemble de la proposition de loi visant à sécuriser l'exercice des praticiens diplômés hors Union européenne (première lecture).,2018-12-12,2018-12-12,
1595,l'ensemble du projet de loi de finances pour 2019 (nouvelle lecture).,2018-12-18,2018-12-18,
1596,l'ensemble du projet de loi de finances pour 2019 (lecture définitive).,2018-12-20,2018-12-20,
1613,l'ensemble du projet de loi portant mesures d'urgence économiques et sociales (première lecture).,2018-12-20,2018-12-20,
1620,l'ensemble du projet de loi habilitant le Gouvernement à prendre par ordonnances des mesures de préparation au retrait du Royaume-Uni de l'Union européenne (texte de la commission mixte paritaire).,2019-01-16,2019-01-16,
1633,l'ensemble du projet de loi de programmation 2018-2022 et de réforme pour la justice (nouvelle lecture).,2019-01-23,2019-01-23,
1634,l'ensemble du projet de loi organique relatif au renforcement de l'organisation des juridictions (nouvelle lecture).,2019-01-23,2019-01-23,
1639,"l'ensemble du projet de loi portant création de l'Office français de la biodiversité, modifiant les missions des fédérations des chasseurs et renforçant la police de l'environnement (première lecture).",2019-01-24,2019-01-24,
1640,l'ensemble de la proposition de loi relative au délai d'intervention du juge des libertés et de la détention en rétention administrative à Mayotte (première lecture).,2019-01-29,2019-01-29,
1653,l'ensemble de la proposition de loi pour des mesures d'urgence contre la désertification médicale (première lecture).,2019-01-31,2019-01-31,
1661,l'ensemble de la proposition de loi pour une école vraiment inclusive (première lecture).,2019-01-31,2019-01-31,
1662,l'ensemble de la proposition de loi visant à prévenir les violences lors des manifestations et à sanctionner leurs auteurs (première lecture).,2019-02-05,2019-02-05,
1708,l'ensemble du projet de loi de programmation 2018-2022 et de réforme de la justice (lecture définitive).,2019-02-18,2019-02-18,
1709,l'ensemble du projet de loi pour une école de la confiance (première lecture).,2019-02-19,2019-02-19,
1710,l'ensemble de la proposition de loi visant à lutter contre la mort subite et à sensibiliser la population aux gestes qui sauvent (première lecture).,2019-02-19,2019-02-19,
1711,l'ensemble du projet de loi organique relatif au renforcement de l'organisation des juridictions (lecture définitive).,2019-02-20,2019-02-20,
1715,l'ensemble de la proposition de loi visant à protéger la population des dangers de la malbouffe (première lecture).,2019-02-21,2019-02-21,
1719,l'ensemble de la proposition de loi en faveur de la transparence sur l'utilisation de l'épargne populaire en matière énergétique (première lecture).,2019-03-07,2019-03-07,
1724,l'ensemble de la proposition de loi portant création d'une Agence nationale de la cohésion des territoires (première lecture).,2019-03-12,2019-03-12,
1762,l'ensemble du projet de loi relatif à la croissance et la transformation des entreprises (nouvelle lecture).,2019-03-15,2019-03-15,
1814,l'ensemble du projet de loi relatif à l'organisation et à la transformation du système de santé (première lecture).,2019-03-26,2019-03-26,
1816,l'ensemble de la proposition de loi visant à améliorer la trésorerie des associations (première lecture).,2019-03-26,2019-03-26,
1819,l'ensemble de la proposition de loi relative au droit de résiliation sans frais de contrats de complémentaire santé (première lecture).,2019-03-27,2019-03-27,
1820,"l'ensemble de la proposition de loi de simplification, de clarification et d'actualisation du droit des sociétés (première lecture).",2019-03-27,2019-03-27,
1826,l'ensemble de la proposition de loi visant à la création d'un répertoire des dérogations et adaptations normatives applicables aux personnes handicapées ou atteintes de maladies rares (première lecture).,2019-04-04,2019-04-04,
1833,l'ensemble du projet de loi portant création d'une taxe sur les services numériques et modification de la trajectoire de baisse de l'impôt sur les sociétés  (première lecture).,2019-04-09,2019-04-09,
1836,l'ensemble de la proposition de loi visant à préserver les intérêts de la défense et de la sécurité nationale de la France dans le cadre de l'exploitation des réseaux radioélectriques mobiles (première lecture).,2019-04-10,2019-04-10,
1839,l'ensemble du projet de loi relatif à la croissance et la transformation des entreprises (lecture définitive).,2019-04-11,2019-04-11,
1846,l'ensemble de la proposition de loi relative à la création du Centre national de la musique (première lecture).,2019-05-06,2019-05-06,
1850,l'ensemble de la proposition de loi visant à renforcer l'accompagnement des jeunes majeurs vulnérables vers l'autonomie (première lecture).,2019-05-07,2019-05-07,
1851,l'ensemble de la proposition de loi en faveur de l'engagement associatif (deuxième lecture).,2019-05-09,2019-05-09,
1852,l'ensemble de la proposition de loi pour la protection foncière des activités agricoles et des cultures marines en zone littorale (deuxième lecture).,2019-05-09,2019-05-09,
1862,l'ensemble de la proposition de loi tendant à créer un droit voisin au profit des agences de presse et des éditeurs de presse (première lecture).,2019-05-09,2019-05-09,
1889,l'ensemble du projet de loi pour la conservation et la restauration de la cathédrale Notre-Dame de Paris et instituant une souscription nationale à cet effet (première lecture).,2019-05-10,2019-05-10,
1912,l'ensemble de la proposition de loi portant création d'une Agence nationale de la cohésion des territoires (nouvelle lecture).,2019-05-21,2019-05-21,
1920,l'ensemble du projet de loi autorisant l'approbation de l'accord-cadre sur la coopération sanitaire transfrontalière entre le Gouvernement de la République française et le Conseil fédéral suisse et de l'accord-cadre entre le Gouvernement de la République française et le Gouvernement du Grand-Duché de Luxembourg sur la coopération sanitaire transfrontalière (première lecture).,2019-05-23,2019-05-23,
1923,l'ensemble du projet de loi de transformation de la fonction publique (première lecture).,2019-05-28,2019-05-28,
1957,l'ensemble du projet de loi d'orientation des mobilités (première lecture).,2019-06-18,2019-06-18,
1965,l'ensemble du projet de loi de règlement du budget et d'approbation des comptes de l'année 2018 (première lecture).,2019-06-19,2019-06-19,
1988,l'ensemble du projet de loi relatif aux compétences de la Collectivité européenne d'Alsace (première lecture).,2019-06-26,2019-06-26,
1992,l'ensemble de la proposition de loi relative au droit de résiliation sans frais de contrats de complémentaire santé (texte de la commission mixte paritaire).,2019-06-27,2019-06-27,
2015,l'ensemble du projet de loi pour une école de la confiance (texte de la commission mixte paritaire).,2019-07-02,2019-07-02,
2024,l'ensemble du projet de loi pour la conservation et la restauration de la cathédrale Notre-Dame de Paris et instituant une souscription nationale à cet effet (nouvelle lecture).,2019-07-02,2019-07-02,
2029,l'ensemble du projet de loi portant création d'une taxe sur les services numériques et modification de la trajectoire de baisse de l'impôt sur les sociétés (texte de la commisison mixte paritaire).,2019-07-04,2019-07-04,
2039,l'ensemble de la proposition de loi visant à lutter contre la haine sur internet (première lecture).,2019-07-09,2019-07-09,
2040,l'ensemble de la proposition de loi portant création d'une Agence nationale de la cohésion des territoires (lecture défintive).,2019-07-09,2019-07-09,
2041,"l'ensemble du projet de loi portant création de l'Office français de la biodiversité, modifiant les missions des fédérations des chasseurs et renforçant la police de l'environnement (texte de la commission mixte paritaire).",2019-07-09,2019-07-09,
2042,l'ensemble du projet de loi relatif à l'organisation et à la transformation du système de santé (texte de la commission mixte paritaire).,2019-07-10,2019-07-10,
2044,l'ensemble de la proposition de loi visant à adapter l'organisation des communes nouvelles à la diversité des territoires (première lecture).,2019-07-10,2019-07-10,
2047,l'ensemble du projet de loi pour la conservation et la restauration de la cathédrale Notre-Dame de Paris et instituant une souscription nationale à cet effet (lecture définitive).,2019-07-16,2019-07-16,
2058,l'ensemble du projet de loi de transformation de la fonction publique (texte de la commission mixte paritaire).,2019-07-18,2019-07-18,
2059,"l'ensemble du projet de loi autorisant la ratification de l'accord économique et commercial global entre l'Union européenne et ses États membres, d'une part, et le Canada, d'autre part, et de l'accord de partenariat stratégique entre l'Union européenne et ses États membres, d'une part, et le Canada, d'autre part (première lecture).",2019-07-23,2019-07-23,
2060,l'ensemble de la proposition de loi tendant à créer un droit voisin au profit des agences de presse et des éditeurs de presse (deuxième lecture).,2019-07-23,2019-07-23,
2063,l'ensemble du projet de loi relatif à la modernisation de la distribution de la presse (première lecture).,2019-07-23,2019-07-23,
2065,l'ensemble du projet de loi relatif à l'énergie et au climat (texte de la commission mixte paritaire).,2019-09-11,2019-09-11,
2071,l'ensemble du projet de loi d'orientation des mobilités (nouvelle lecture).,2019-09-17,2019-09-17,
2073,l'ensemble de la proposition de loi relative à la création du Centre national de la musique (texte de la commission mixte paritaire).,2019-09-18,2019-09-18,
2077,"l'ensemble du projet de loi autorisant l'approbation de l'accord entre le Gouvernement de la République française et le Gouvernement de la République fédérale démocratique d'Éthiopie relatif aux services aériens, de l'accord entre le Gouvernement de la République française et le Gouvernement de la République du Costa Rica relatif aux services aériens et de l'accord relatif aux services aériens entre le Gouvernement de la République française et le Gouvernement de la République du Mozambique (première lecture).",2019-09-18,2019-09-18,
2078,l'ensemble de la proposition de loi visant à clarifier diverses dispositions du droit électoral (première lecture).,2019-09-24,2019-09-24,
2079,l'ensemble de la proposition de loi organique visant à clarifier diverses dispositions du droit électoral (première lecture).,2019-09-24,2019-09-24,
2130,l'ensemble du projet de loi autorisant la ratification du traité entre la République française et la République fédérale d'Allemagne sur la coopération et l'intégration franco-allemande (première lecture).,2019-10-08,2019-10-08,
2146,l'ensemble du projet de loi relatif à la bioéthique (première lecture).,2019-10-15,2019-10-15,
2147,l'ensemble de la proposition de loi visant à agir contre les violences au sein de la famille (première lecture).,2019-10-15,2019-10-15,
2235,l'ensemble du projet de loi de financement de la sécurité sociale pour 2020 (première lecture),2019-10-29,2019-10-29,
2307,l'ensemble du projet de loi de finances pour 2020 (première lecture),2019-11-19,2019-11-19,
2308,l'ensemble du projet de loi d'orientation des mobilités (lecture définitive),2019-11-19,2019-11-19,
2329,l'ensemble du projet de loi relatif à l'engagement dans la vie locale et à la proximité de l'action publique (première lecture).,2019-11-26,2019-11-26,
2335,l'ensemble de la proposition de loi visant à réduire le coût du foncier et à augmenter l'offre de logements accessibles aux Français (première lecture).,2019-11-28,2019-11-28,
2336,l'ensemble de la proposition de loi visant à répondre à la demande des patients par la création de Points d'accueil pour soins immédiats (première lecture).,2019-11-28,2019-11-28,
2337,l'ensemble du projet de loi de financement de la sécurité sociale pour 2020 (lecture définitive).,2019-12-03,2019-12-03,
2342,l'ensemble de la proposition de loi relative à la transparence de l'information sur les produits agricoles et alimentaires (première lecture).,2019-12-04,2019-12-04,
2348,l'ensemble de la proposition de loi visant à agir contre les violences au sein de la famille (texte de la commission mixte paritaire).,2019-12-11,2019-12-11,
2351,l'ensemble de la proposition de loi relative au passage de l'épreuve théorique du code de la route dans les lycées (première lecture).,2019-12-12,2019-12-12,
2352,l'ensemble de la proposition de loi visant à étendre la qualité de pupille de la Nation aux enfants des sauveteurs en mer décédés dans le cadre de leur mission de sauvetage et à assurer les besoins de financement de la Société nationale de sauvetage en mer (première lecture).,2019-12-12,2019-12-12,
2387,l'ensemble du projet de loi de finances pour 2020 (nouvelle lecture).,2019-12-17,2019-12-17,
2407,l'ensemble du projet de loi de finances pour 2020 (lecture définitive).,2019-12-19,2019-12-19,
2408,l'ensemble du projet de loi relatif à l'engagement dans la vie locale et à la proximité de l'action publique (texte de la commission mixte paritaire).,2019-12-19,2019-12-19,
2417,l'ensemble du projet de loi relatif à la lutte contre le gaspillage et à l'économie circulaire (première lecture).,2019-12-19,2019-12-19,
2419,l'ensemble de la proposition de loi visant à améliorer l'accès à la prestation de compensation du handicap (première lecture).,2020-01-15,2020-01-15,
2420,l'ensemble du projet de loi relatif à la lutte contre le gaspillage et à l'économie circulaire (texte de la commission mixte paritaire).,2020-01-21,2020-01-21,
2427,l'ensemble de la proposition de loi visant à protéger les victimes de violences conjugales (première lecture).,2020-01-29,2020-01-29,
2428,l'ensemble de la proposition de loi visant à moderniser les outils et la gouvernance de la Fondation du patrimoine (première lecture).,2020-01-30,2020-01-30,
2429,l'ensemble de la proposition de loi visant à définir et protéger le patrimoine sensoriel des campagnes françaises (première lecture).,2020-01-30,2020-01-30,
2431,l'ensemble de la proposition de loi visant à instaurer un congé de deuil de douze jours consécutifs pour le décès d'un enfant mineur (première lecture).,2020-01-30,2020-01-30,
2432,l'ensemble de la proposition de loi visant à encadrer le démarchage téléphonique et à lutter contre les appels frauduleux (deuxième lecture).,2020-01-30,2020-01-30,
2437,l'ensemble de la proposition de loi visant à améliorer l'accès à certaines professions des personnes atteintes de maladies chroniques (première lecture).,2020-01-30,2020-01-30,
2445,l'ensemble de la proposition de loi relative à la déshérence des retraites supplémentaires (première lecture).,2020-01-30,2020-01-30,
2446,"l'ensemble de la proposition de loi visant à créer le statut de citoyen sauveteur, lutter contre l'arrêt cardiaque et sensibiliser aux gestes qui sauvent (deuxième lecture).",2020-02-12,2020-02-12,
2447,l'ensemble de la proposition de loi visant à encadrer l'exploitation commerciale de l'image d'enfants de moins de seize ans sur les plateformes en ligne (première lecture).,2020-02-12,2020-02-12,
2454,l'ensemble de la proposition de loi portant diverses mesures de justice sociale (première lecture).,2020-02-13,2020-02-13,
2455,l'ensemble de la proposition de loi relative au droit des victimes de présenter une demande d'indemnité au fonds de garantie des actes de terrorisme et autres infractions (première lecture).,2020-02-13,2020-02-13,
2459,l'ensemble de la proposition de loi relative à la protection patrimoniale des langues régionales et à leur promotion (première lecture).,2020-02-13,2020-02-13,
2732,l'ensemble du projet de loi organique relatif au système universel de retraite (première lecture).,2020-03-05,2020-03-05,
2733,l'ensemble du projet de loi de finances rectificative pour 2020 (première lecture).,2020-03-19,2020-03-19,
2734,l'ensemble du projet de loi d'urgence pour faire face à l'épidémie de covid-19 (première lecture),2020-03-21,2020-03-21,
2735,l'ensemble du projet de loi organique d'urgence pour faire face à l'épidémie de covid-19 (première lecture).,2020-03-21,2020-03-21,
2736,l'ensemble du projet de loi d'urgence pour faire face à l'épidémie de covid-19 (texte de la commission mixte paritaire).,2020-03-22,2020-03-22,
2737,l'ensemble du projet de loi de finances rectificative pour 2020 (2) (première lecture).,2020-04-17,2020-04-17,
2738,l'ensemble du projet de loi de finances rectificative pour 2020 (2) (texte de la commission mixte paritaire).,2020-04-23,2020-04-23,
2740,l'ensemble du projet de loi prorogeant l'état d'urgence sanitaire et complétant ses dispositions (première lecture).,2020-05-08,2020-05-08,
2741,l'ensemble du projet de loi prorogeant l'état d'urgence sanitaire et complétant ses dispositions (texte de la commission mixte paritaire).,2020-05-09,2020-05-09,
2742,l'ensemble de la proposition de loi visant à lutter contre les contenus haineux sur internet (lecture définitive).,2020-05-13,2020-05-13,
2743,"l'ensemble du projet de loi relatif à diverses dispositions liées à la crise sanitaire, à d'autres mesures urgentes ainsi qu'au retrait du Royaume-Uni de l'Union européenne (première lecture)",2020-05-15,2020-05-15,
2745,l'ensemble de la proposition de loi visant à améliorer les droits des travailleurs et l'accompagnement des familles après le décès d'un enfant (deuxième lecture).,2020-05-26,2020-05-26,
2747,l'ensemble de la proposition de loi relative à la transparence de l'information sur les produits agricoles et alimentaires (deuxième lecture).,2020-05-27,2020-05-27,
2748,"l'ensemble du projet de loi autorisant l'approbation de l'accord entre le Gouvernement de la République française et le Gouvernement de la République de l'Inde relatif à la prévention de la consommation illicite et à la réduction du trafic illicite de stupéfiants, de substances psychotropes et de précurseurs chimiques, et des délits connexes (première lecture).",2020-06-02,2020-06-02,
2749,l'ensemble de la proposition de loi permettant le don de congés payés sous forme de chèques-vacances aux membres du secteur médico-social en reconnaissance de leur action durant l'épidémie de covid-19 (première lecture).,2020-06-02,2020-06-02,
2750,"l'ensemble du projet de loi relatif à diverses dispositions liées à la crise sanitaire, à d'autres mesures urgentes ainsi qu'au retrait du Royaume-Uni de l'Union européenne (texte de la commission mixte paritaire).",2020-06-03,2020-06-03,
2753,"l'ensemble du projet de loi portant annulation du second tour du renouvellement général des conseillers municipaux et communautaires, des conseillers de Paris, et des conseillers de la métropole de Lyon de 2020, organisation d'un nouveau scrutin dans les communes concernées, fonctionnement transitoire des établissements publics de coopération intercommunale et report des élections consulaires (première lecture).",2020-06-08,2020-06-08,
2754,l'ensemble du projet de loi de règlement du budget et d'approbation des comptes de l'année 2019 (première lecture).,2020-06-10,2020-06-10,
2755,l'ensemble du projet de loi organique relatif à la dette sociale et à l'autonomie (première lecture).,2020-06-15,2020-06-15,
2756,l'ensemble du projet de loi relatif à la dette sociale et à l'autonomie (première lecture).,2020-06-15,2020-06-15,
2757,l'ensemble du projet de loi tendant à sécuriser l'organisation du second tour des élections municipales et communautaires de juin 2020 et à reporter les élections consulaires (texte de la commission mixte paritaire).,2020-06-16,2020-06-16,
2758,l'ensemble du projet de loi organisant la sortie de l'état d'urgence sanitaire (première lecture).,2020-06-17,2020-06-17,
2759,l'ensemble de la proposition de loi visant à assurer la revalorisation des pensions de retraite agricoles en France continentale et dans les outre-mer (deuxième lecture).,2020-06-18,2020-06-18,
2765,l'ensemble de la proposition de loi créant la fonction de directrice ou de directeur d'école (première lecture).,2020-06-24,2020-06-24,
2769,l'ensemble de la proposition de loi pour une éthique de l'urgence (première lecture).,2020-06-25,2020-06-25,
2770,l'ensemble de la proposition de loi pour une éthique de l'urgence (première lecture).,2020-06-25,2020-06-25,
2799,l'ensemble du projet de loi organisant la sortie de l'état d'urgence sanitaire (lecture définitive).,2020-07-02,2020-07-02,
2815,l'ensemble de la proposition de loi visant à encadrer le démarchage téléphonique et à lutter contre les appels frauduleux (texte de la commission mixte paritaire).,2020-07-15,2020-07-15,
2816,l'ensemble du projet de loi organique relatif à la dette sociale et à l'autonomie (lecture définitive).,2020-07-23,2020-07-23,
2817,l'ensemble du projet de loi de finances rectificative pour 2020 (texte de la commission mixte paritaire).,2020-07-23,2020-07-23,
2856,l'ensemble du projet de loi relatif à la bioéthique (deuxième lecture).,2020-07-31,2020-07-31,
2865,l'ensemble de la proposition de loi relative au renforcement de l'inclusion dans l'emploi par l'activité économique et à l'expérimentation « territoire zéro chômeur de longue durée » (première lecture).,2020-09-16,2020-09-16,
2866,"l'ensemble du projet de loi organique relatif au Conseil économique, social et environnemental (première lecture).",2020-09-17,2020-09-17,
2881,l'ensemble du projet de loi de programmation de la recherche pour les années 2021 à 2030 et portant diverses dispositions relatives à la recherche et à l'enseignement supérieur (première lecture).,2020-09-23,2020-09-23,
2915,l'ensemble du projet de loi prorogeant le régime transitoire institué à la sortie de l'état d'urgence sanitaire (première lecture).,2020-10-01,2020-10-01,
2940,l'ensemble du projet de loi relatif aux conditions de mise sur le marché de certains produits phytopharmaceutiques en cas de danger sanitaire pour les betteraves sucrières (première lecture).,2020-10-06,2020-10-06,
2941,l'ensemble du projet de loi d'accélération et de simplification de l'action publique (première lecture).,2020-10-06,2020-10-06,
2942,l'ensemble de la proposition de loi visant à encadrer l'exploitation commerciale de l'image d'enfants de moins de seize ans sur les plateformes en ligne (deuxième lecture).,2020-10-06,2020-10-06,
2943,l'ensemble du projet de loi relatif à la restitution de biens culturels à la République du Bénin et à la République du Sénégal (première lecture).,2020-10-06,2020-10-06,
2952,l'ensemble de la proposition de loi visant à renforcer le droit à l'avortement (première lecture).,2020-10-08,2020-10-08,
3033,l'ensemble du projet de loi autorisant la prorogation de l'état d'urgence sanitaire et portant diverses mesures de gestion de la crise sanitaire (première lecture).,2020-10-24,2020-10-24,
3059,l'ensemble du projet de loi de financement de la sécurité sociale pour 2021 (première lecture).,2020-10-27,2020-10-27,
3061,l'ensemble du projet de loi d'accélération et de simplification de l'action publique (texte de la commission mixte paritaire).,2020-10-28,2020-10-28,
3076,l'ensemble du projet de loi relatif aux conditions de mise sur le marché de certains produits phytopharmaceutiques en cas de danger sanitaire pour les betteraves sucrières (texte de la commission mixte paritaire).,2020-10-30,2020-10-30,
3112,l'ensemble du projet de loi autorisant la prorogation de l'état d'urgence sanitaire et portant diverses mesures de gestion de la crise sanitaire (nouvelle lecture).,2020-11-04,2020-11-04,
3124,l'ensemble du projet de loi portant diverses dispositions d'adaptation au droit de l'Union européenne en matière économique et financière (nouvelle lecture).,2020-11-06,2020-11-06,
3133,l'ensemble du projet de loi autorisant la prorogation de l'état d'urgence sanitaire et portant diverses mesures de gestion de la crise sanitaire (lecture définitive).,2020-11-07,2020-11-07,
3157,l'ensemble du projet de loi de finances rectificative pour 2020 (première lecture).,2020-11-10,2020-11-10,
3186,l'ensemble du projet de loi de finances pour 2021 (première lecture).,2020-11-17,2020-11-17,
3188,l'ensemble du projet de loi de programmation de la recherche pour les années 2021 à 2030 et portant diverses dispositions relatives à la recherche et à l'enseignement supérieur (texte de la commission mixte paritaire).,2020-11-17,2020-11-17,
3191,l'ensemble du projet de loi portant diverses dispositions d'adaptation au droit de l'Union européenne en matière économique et financière (lecture définitive).,2020-11-18,2020-11-18,
3254,l'ensemble de la proposition de loi relative à la sécurité globale (première lecture).,2020-11-24,2020-11-24,
3262,l'ensemble de la proposition de loi visant à améliorer les conditions de présence parentale auprès d'un enfant dont la pathologie nécessite un accompagnement soutenu (première lecture).,2020-11-26,2020-11-26,
3263,l'ensemble de la proposition de loi visant à promouvoir la France des accents (première lecture).,2020-11-26,2020-11-26,
3264,l'ensemble de la proposition de loi améliorant l'efficacité de la justice de proximité et de la réponse pénale (première lecture).,2020-11-26,2020-11-26,
3269,l'ensemble du projet de loi de financement de la sécurité sociale pour 2021 (lecture définitive).,2020-11-30,2020-11-30,
3270,l'ensemble de la proposition de loi relative au renforcement de l'inclusion dans l'emploi par l'activité dans l'emploi par l'activité économique et à l'expérimentation « territoires zéro chômeur de longue durée » (texte de la commisson mixte pariraire).,2020-11-30,2020-11-30,
3293,l'ensemble du projet de loi relatif à la restitution de biens culturels à la République du Bénin et à la République du Sénégal (nouvelle lecture).,2020-12-07,2020-12-07,
3295,l'ensemble de la proposition de loi visant à améliorer le système de santé par la confiance et la simplification (première lecture).,2020-12-08,2020-12-08,
3298,l'ensemble du projet de loi relatif au Parquet européen et à la justice pénale spécialisée (première lecture).,2020-12-09,2020-12-09,
3302,l'ensemble du projet de loi ratifiant l'ordonnance n° 2019-950 du 11 septembre 2019 portant partie législative du code de la justice pénale des mineurs (première lecture).,2020-12-11,2020-12-11,
3308,"l'ensemble du projet de loi organique relatif au Conseil économique, social et environnemental (lecture définitive).",2020-12-15,2020-12-15,
3314,l'ensemble du projet de loi de finances pour 2021 (nouvelle lecture).,2020-12-15,2020-12-15,
3315,l'ensemble du projet de loi de finances pour 2021 (lecture définitive).,2020-12-17,2020-12-17,
3316,l'ensemble du projet de loi relatif à la restitution de biens culturels à la République du Bénin et à la République du Sénégal (lecture définitive).,2020-12-17,2020-12-17,
3320,l'ensemble du projet de loi autorisant la prorogation de l'état d'urgence sanitaire et reportant la date de la caducité des régimes institués pour faire face à la crise sanitaire (première lecture).,2021-01-20,2021-01-20,
3328,l'ensemble de la proposition de loi visant à améliorer l'accessibilité des personnes qui ont un trouble du spectre de l'autisme par la mise en place d'une « heure silencieuse » dans les magasins de la grande distribution (première lecture).,2021-01-28,2021-01-28,
3329,l'ensemble de la proposition de loi visant à répondre à la demande des patients par la création de Points d'accueil pour soins immédiats (deuxième lecture).,2021-01-28,2021-01-28,
3330,l'ensemble de la proposition de loi rénovant la gouvernance du service public d'eau potable et d'assainissement en Guadeloupe (première lecture).,2021-01-28,2021-01-28,
3331,l'ensemble de la proposition de loi visant à réformer le régime d'indemnisation des catastrophes naturelles (première lecture).,2021-01-28,2021-01-28,
3343,l'ensemble de la proposition de loi visant à renforcer la lutte contre la maltraitance animale (première lecture).,2021-01-29,2021-01-29,
3349,l'ensemble du projet de loi prorogeant l'état d'urgence sanitaire (nouvelle lecture).,2021-02-02,2021-02-02,
3378,l'ensemble du projet de loi prorogeant l'état d'urgence sanitaire (lecture définitive).,2021-02-09,2021-02-09,
3379,"l'ensemble du projet de loi portant report du renouvellement général des conseils départementaux, des conseils régionaux et des assemblées de Corse, de Guyane et de Martinique (première lecture).",2021-02-09,2021-02-09,
3421,l'ensemble du projet de loi confortant le respect des principes de la République (première lecture).,2021-02-16,2021-02-16,
3422,l'ensemble du projet de loi ratifiant l'ordonnance n° 2019-950 du 11 septembre 2019 portant partie législative du code de la justice pénale des mineurs (texte de la commission mixte paritaire).,2021-02-16,2021-02-16,
3428,l'ensemble de la proposition de loi relative à la déshérence des contrats de retraite supplémentaire (deuxième lecture).,2021-02-17,2021-02-17,
3432,l'ensemble de la proposition de loi pour renforcer la prévention en santé au travail (première lecture).,2021-02-17,2021-02-17,
3440,l'ensemble de la proposition de loi renforçant la protection des mineurs victimes de violences sexuelles (première lecture).,2021-02-18,2021-02-18,
3454,l'ensemble du projet de loi de programmation relatif au développement solidaire et à la lutte contre les inégalités mondiales (première lecture).,2021-03-02,2021-03-02,
3455,l'ensemble du projet de loi organique portant diverses mesures relatives à l'élection du Président de la République (texte de la commission mixte paritaire).,2021-03-09,2021-03-09,
3483,l'ensemble de la proposition de loi visant à protéger les jeunes mineurs des crimes sexuels (première lecture).,2021-03-15,2021-03-15,
3484,l'ensemble du projet de loi constitutionnelle complétant l'article 1er de la Constitution et relatif à la préservation de l'environnement (première lecture).,2021-03-16,2021-03-16,
3485,l'ensemble du projet de loi organique relatif à la simplification des expérimentations mises en œuvre sur le fondement du quatrième alinéa de l'article 72 de la Constitution (première lecture).,2021-03-16,2021-03-16,
3489,l'ensemble de la proposition de loi visant à sécuriser les droits à protection sociale des assistants maternels et des salariés des particuliers employeurs (première lecture).,2021-03-18,2021-03-18,
3506,l'ensemble de la proposition de loi visant à démocratiser le sport en France (première lecture).,2021-03-19,2021-03-19,
3507,l'ensemble de la proposition de loi tendant à prévenir les usages dangereux du protoxyde d'azote (première lecture).,2021-03-25,2021-03-25,
3509,l'ensemble de la proposition de loi visant à l'accompagnement des enfants atteints de pathologie chronique ou de cancer (première lecture).,2021-03-25,2021-03-25,
3569,l'ensemble de la proposition de loi relative à la protection des langues régionales et à leur promotion (deuxième lecture).,2021-04-08,2021-04-08,
3641,l'ensemble de la proposition de loi visant à améliorer le système de santé par la confiance et la simplification (lecture définitive).,2021-04-14,2021-04-14,
3658,l'ensemble de la proposition de loi pour une sécurité globale préservant les libertés (texte de la commission mixte paritaire).,2021-04-15,2021-04-15,
3660,l'ensemble de la proposition de loi visant à protéger les mineurs des crimes et délits sexuels et de l'inceste (deuxième lecture).,2021-04-15,2021-04-15,
3738,l'ensemble du projet de loi portant lutte contre le dérèglement climatique et renforcement de la résilience face à ses effets (première lecture).,2021-05-04,2021-05-04,
3761,l'ensemble du projet de loi relatif à la gestion de la sortie de crise sanitaire (première lecture).,2021-05-11,2021-05-11,
3766,l'ensemble de la proposition de loi visant à accélérer l'égalité économique et professionnelle (première lecture).,2021-05-12,2021-05-12,
3771,l'ensemble de la proposition de loi visant à moderniser les outils et la gouvernance de la Fondation du patrimoine (deuxième lecture).,2021-05-20,2021-05-20,
3778,l'ensemble du projet de loi pour la confiance dans l'institution judiciaire (première lecture).,2021-05-25,2021-05-25,
3779,l'ensemble du projet de loi organique pour la confiance dans l'institution judiciaire (première lecture).,2021-05-25,2021-05-25,
3780,l'ensemble du projet de loi relatif à la gestion de la sortie de crise sanitaire (texte de la commission mixte paritaire).,2021-05-25,2021-05-25,
3786,l'ensemble de la proposition de loi portant mesures d'urgence pour assurer la régulation de l'accès au foncier agricole au travers de structures sociétaires (première lecture).,2021-05-26,2021-05-26,
3792,l'ensemble de la proposition de loi visant à consolider notre modèle de sécurité civile et valoriser le volontariat des sapeurs-pompiers (première lecture).,2021-05-27,2021-05-27,
3798,l'ensemble du projet de loi relatif à la prévention d'actes de terrorisme et au renseignement (première lecture).,2021-06-02,2021-06-02,
3808,l'ensemble du projet de loi relatif à la bioéthique (nouvelle lecture).,2021-06-09,2021-06-09,
3809,l'ensemble du projet de loi ratifiant les ordonnances n° 2021-45 du 20 janvier 2021 et n° 2021-71 du 27 janvier 2021 portant réforme de la formation des élus locaux (première lecture).,2021-06-10,2021-06-10,
3816,l'ensemble de la proposition de loi visant à réduire l'empreinte environnementale du numérique en France (première lecture).,2021-06-10,2021-06-10,
3821,l'ensemble du projet de loi de finances rectificative pour 2021 (première lecture).,2021-06-11,2021-06-11,
3825,l'ensemble de la proposition de loi portant diverses mesures de justice sociale(deuxième lecture).,2021-06-17,2021-06-17,
3827,l'ensemble de la proposition de loi visant à assurer la revalorisation des pensions de retraites agricoles les plus faibles (première lecture).,2021-06-17,2021-06-17,
3841,l'ensemble du projet de loi relatif à la régulation et à la protection de l'accès aux œuvres culturelles à l'ère numérique (première lecture).,2021-06-23,2021-06-23,
3852,l'ensemble de la proposition de loi visant à protéger la rémunération des agriculteurs (première lecture).,2021-06-24,2021-06-24,
3855,l'ensemble du projet de loi relatif à la bioéthique (lecture définitive).,2021-06-29,2021-06-29,
3866,l'ensemble du projet de loi confortant le respect des principes de la République (nouvelle lecture).,2021-07-01,2021-07-01,
3869,"l'ensemble du projet de loi portant diverses dispositions d'adaptation au droit de l'Union européenne dans le domaine des transports, de l'environnement, de l'économie et des finances (première lecture).",2021-07-06,2021-07-06,
3888,l'ensemble du projet de loi relatif à la protection des enfants (première lecture).,2021-07-08,2021-07-08,
3889,l'ensemble du projet de loi de programmation relatif au développement solidaire et à la lutte contre les inégalités mondiales (texte de la commission mixte paritaire),2021-07-13,2021-07-13,
3891,l'ensemble du projet de loi portant lutte contre le dérèglement climatique et renforcement de la résilience face à ses effets (texte de la commission mixte paritaire).,2021-07-20,2021-07-20,
3917,l'ensemble du projet de loi relatif à la prévention d'actes de terrorisme et au renseignement (lecture définitive).,2021-07-22,2021-07-22,
3943,l'ensemble du projet de loi relatif à la gestion de la crise sanitaire (première lecture).,2021-07-22,2021-07-22,
3945,l'ensemble du projet de loi confortant le respect des principes de la République (lecture définitive).,2021-07-23,2021-07-23,
3946,l'ensemble de la proposition de loi pour renforcer la prévention en santé au travail (texte de la commission mixte paritaire).,2021-07-23,2021-07-23,
3949,l'ensemble du projet de loi relatif à la gestion de la crise sanitaire (texte de la commission mixte paritaire).,2021-07-25,2021-07-25,
3956,l'ensemble du projet de loi autorisant la prorogation de l'état d'urgence sanitaire dans les outre-mer (première lecture).,2021-09-07,2021-09-07,
3969,l'ensemble du projet de loi relatif à la responsabilité pénale et à la sécurité intérieure (première lecture).,2021-09-23,2021-09-23,
3970,"l'ensemble du projet de loi portant diverses dispositions d'adaptation au droit de l'Union européenne dans le domaine des transports, de l'environnement, de l'économie et des finances (texte de la commission mixte paritaire).",2021-09-28,2021-09-28,
3971,l'ensemble du projet de loi ratifiant l'ordonnance n° 2021-484 du 21 avril 2021 relative aux modalités de représentation des travailleurs indépendants recourant pour leur activité aux plateformes et aux conditions d'exercice de cette représentation et portant habilitation du Gouvernement à compléter par ordonnance les règles organisant le dialogue social avec les plateformes (première lecture).,2021-09-28,2021-09-28,
3972,l'ensemble du projet de loi relatif à la régulation et à la protection de l'accès aux œuvres culturelles à l'ère numérique (texte de la commission mixte paritaire).,2021-09-29,2021-09-29,
3977,l'ensemble de la proposition de loi créant la fonction de directrice ou de directeur d'école (deuxième lecture).,2021-09-29,2021-09-29,
3979,l'ensemble de la proposition de loi interdisant les pratiques visant à modifier l'orientation sexuelle ou l'identité de genre d'une personne (première lecture).,2021-10-05,2021-10-05,
3981,l'ensemble de la proposition de loi relative aux bibliothèques et au développement de la lecture publique (première lecture).,2021-10-06,2021-10-06,
3982,l'ensemble de la proposition de loi visant à conforter l'économie du livre et à renforcer l'équité et la confiance entre ses acteurs (première lecture).,2021-10-06,2021-10-06,
3983,l'ensemble de la proposition de loi visant à protéger la rémunération des agriculteurs (texte de la commission mixte paritaire).,2021-10-06,2021-10-06,
3995,l'ensemble de la proposition de loi visant à favoriser l'accès de tous les étudiants à une offre de restauration à tarif modéré (première lecture).,2021-10-07,2021-10-07,
4034,l'ensemble du projet de loi portant diverses dispositions de vigilance sanitaire (première lecture).,2021-10-20,2021-10-20,
4064,l'ensemble du projet de loi de financement de la sécurité sociale pour 2022 (première lecture).,2021-10-26,2021-10-26,
4109,l'ensemble du projet de loi portant diverses dispositions de vigilance sanitaire (nouvelle lecture).,2021-11-03,2021-11-03,
4114,l'ensemble du projet de loi portant diverses dispositions de vigilance sanitaire (lecture définitive).,2021-11-05,2021-11-05,
4132,l'ensemble du projet de loi de finances rectificative pour 2021 (première lecture).,2021-11-10,2021-11-10,
4150,l'ensemble du projet de loi de finances pour 2022 (première lecture).,2021-11-16,2021-11-16,
4151,l'ensemble de la proposition de loi visant à lutter contre la maltraitance animale et conforter le lien entre les animaux et les hommes (texte de la commission mixte paritaire).,2021-11-16,2021-11-16,
4152,l'ensemble de la proposition de loi visant à consolider notre modèle de sécurité civile et valoriser le volontariat des sapeurs pompiers et les sapeurs pompiers professionnels (texte de la commission mixte paritaire).,2021-11-16,2021-11-16,
4154,l'ensemble du projet de loi pour la confiance dans l'institution judiciaire (texte de la commission mixte paritaire).,2021-11-16,2021-11-16,
4155,l'ensemble de la proposition de loi visant à améliorer la protection des lanceurs d'alerte (première lecture).,2021-11-17,2021-11-17,
4156,l'ensemble de la proposition de loi organique relative à la modernisation de la gestion des finances publiques (texte de la commission mixte paritaire).,2021-11-18,2021-11-18,
4157,l'ensemble de la proposition de loi portant diverses dispositions relatives au Haut Conseil des finances publiques et à l'information du Parlement sur les finances publiques (texte de la commission mixte paritaire).,2021-11-18,2021-11-18,
4167,"l'ensemble du projet de loi portant reconnaissance de la Nation et réparation des préjudices subis par les harkis, par les autres personnes rapatriées d'Algérie anciennement de statut civil de droit local et par leurs familles du fait des conditions de leur accueil sur le territoire français (première lecture).",2021-11-18,2021-11-18,
4175,l'ensemble du projet de loi de finances rectificative pour 2021 (lecture définitive).,2021-11-24,2021-11-24,
4177,l'ensemble de la proposition de loi relative aux restrictions d'accès à certaines professions en raison de l'état de santé (deuxième lecture).,2021-11-25,2021-11-25,
4178,l'ensemble de la proposition de loi visant à moderniser la lutte contre la contrefaçon (première lecture).,2021-11-25,2021-11-25,
4182,l'ensemble de la proposition de loi visant à faire évoluer la formation de sage-femme (première lecture).,2021-11-25,2021-11-25,
4183,"l'ensemble de la proposition de loi pour un accès plus juste, plus simple et plus transparent au marché de l'assurance emprunteur (première lecture).",2021-11-25,2021-11-25,
4186,l'ensemble de la proposition de loi pour la mise en place d'une certification de cybersécurité des plateformes numériques destinée au grand public (première lecture).,2021-11-26,2021-11-26,
4191,l'ensemble de la proposition de loi visant à la création d'une plateforme de référencement et de prise en charge des malades chroniques de la covid-19 (première lecture).,2021-11-26,2021-11-26,
4204,l'ensemble de la proposition de loi visant à renforcer le droit à l'avortement (deuxième lecture).,2021-11-30,2021-11-30,
4211,l'ensemble de la proposition de loi visant à combattre le harcèlement scolaire (première lecture).,2021-12-01,2021-12-01,
4226,l'ensemble de la proposition de loi portant diverses mesures de justice sociale (troisième lecture).,2021-12-02,2021-12-02,
4243,l'ensemble de la proposition de loi créant la fonction de directrice ou de directeur d'école (texte de la commission mixte paritaire).,2021-12-13,2021-12-13,
4244,l'ensemble de la proposition de loi visant à accélérer l'égalité économique et professionnelle (texte de la commission mixte paritaire).,2021-12-13,2021-12-13,
4245,"l'ensemble de la proposition de loi visant à renforcer la régulation environnementale du numérique par l'Autorité de régulation des communications électroniques, des postes et de la distribution de la presse (première lecture).",2021-12-13,2021-12-13,
4246,l'ensemble de la proposition de loi portant mesures d'urgence pour assurer la régulation de l'accès au foncier agricole au travers de structures sociétaires (texte de la commission mixte paritaire).,2021-12-13,2021-12-13,
4249,l'ensemble du projet de loi de finances pour 2022 (lecture définitive).,2021-12-15,2021-12-15,
4252,"l'ensemble du projet de loi relatif à la différenciation, la décentralisation, la déconcentration et portant diverses mesures de simplification de l'action publique locale (première lecture).",2022-01-04,2022-01-04,
4279,l'ensemble du projet de loi renforçant les outils de gestion de la crise sanitaire et modifiant le code de la santé publique (première lecture).,2022-01-05,2022-01-05,
4283,l'ensemble du projet de loi en faveur de l'activité professionnelle indépendante (première lecture).,2022-01-10,2022-01-10,
4287,l'ensemble du projet de loi portant réforme des outils de gestion des risques climatiques en agriculture (première lecture).,2022-01-12,2022-01-12,
4298,l'ensemble de la proposition de loi visant à réhabiliter les militaires « fusillés pour l'exemple » durant la Première Guerre mondiale (première lecture).,2022-01-13,2022-01-13,
4317,l'ensemble du projet de loi renforçant les outils de gestion de la crise sanitaire et modifiant le code de la santé publique (nouvelle lecture).,2022-01-14,2022-01-14,
4321,l'ensemble du projet de loi renforçant les outils de gestion de la crise sanitaire et modifiant le code de la santé publique (lecture définitive).,2022-01-16,2022-01-16,
4322,l'ensemble de la proposition de loi relative au monde combattant (première lecture).,2022-01-17,2022-01-17,
4325,l'ensemble de la proposition de loi relative à l'adoption (nouvelle lecture).,2022-01-18,2022-01-18,
4328,l'ensemble de la proposition de loi visant à encourager l'usage du contrôle parental sur certains équipements et services vendus en France et permettant d'accéder à internet (première lecture).,2022-01-18,2022-01-18,
4329,l'ensemble de la proposition de loi relative à l'aménagement du Rhône (première lecture).,2022-01-19,2022-01-19,
4342,l'ensemble de la proposition de loi visant à lutter contre la précarité des accompagnants d'élèves en situation de handicap et des assistants d'éducation (première lecture).,2022-01-20,2022-01-20,
4346,l'ensemble de la proposition de loi interdisant les pratiques visant à modifier l'orientation sexuelle ou l'identité de genre d'une personne (texte de la commission mixte paritaire).,2022-01-25,2022-01-25,
4347,l'ensemble du projet de loi relatif à la protection des enfants (texte de la commission mixte paritaire).,2022-01-25,2022-01-25,
4348,l'ensemble du projet de loi relatif à la restitution ou la remise de certains biens culturels aux ayants droit de leurs propriétaires victimes de persécutions antisémites (première lecture).,2022-01-25,2022-01-25,
4349,l'ensemble du projet de loi ratifiant l'ordonnance n° 2021-484 du 21 avril 2021 relative aux modalités de représentation des travailleurs indépendants recourant pour leur activité aux plateformes et aux conditions d'exercice de cette représentation et portant habilitation du Gouvernement à compléter par ordonnance les règles organisant le dialogue social avec les plateformes (texte de la commission mixte paritaire).,2022-01-26,2022-01-26,
4350,l'ensemble du projet de loi ratifiant les ordonnances prises sur le fondement de l'article 13 de la loi n° 2019-816 du 2 août 2019 relative aux compétences de la Collectivité européenne d'Alsace (première lecture).,2022-01-26,2022-01-26,
4351,l'ensemble de la proposition de loi pour garantir l'égalité et la liberté dans l'attribution et le choix du nom (première lecture).,2022-01-26,2022-01-26,
4352,l'ensemble de la proposition de loi organique relative aux lois de financement de la sécurité sociale (nouvelle lecture).,2022-01-27,2022-01-27,
4353,l'ensemble du projet de loi autorisant la ratification de la convention du Conseil de l'Europe contre le trafic d'organes humains (première lecture).,2022-01-27,2022-01-27,
4354,"l'ensemble du projet de loi autorisant l'approbation de l'avenant à la convention entre le Gouvernement de la République française et le Gouvernement de la République argentine du 4 avril 1979, en vie d'éviter les doubles impositions et de prévenir l'évasion fiscale en matière d'impôts sur le revenu et sur la fortune (première lecture).",2022-01-27,2022-01-27,
4355,l'ensemble du projet de loi autorisant l'approbation de l'accord entre le Gouvernement de la République française et le Gouvernement de la République de Maurice relatif à la coopération en matière de défense et au statut des forces (première lecture).,2022-01-27,2022-01-27,
4356,l'ensemble du projet de loi autorisant l'approbation de l'accord entre le Gouvernement de la République française et le Gouvernement de l'État du Qatar relatif au statut de leurs forces (première lecture).,2022-01-27,2022-01-27,
4362,l'ensemble de la proposition de loi relative à l'interdiction progressive des additifs nitrés dans les produits de charcuterie (première lecture).,2022-02-03,2022-02-03,
4382,"l'ensemble du projet de loi relatif à la différenciation, la déconcentration et portant diverses mesures de simplification de l'action publique (texte de la commission mixte paritaire).",2022-02-08,2022-02-08,
4383,l'ensemble de la proposition de loi relative à l'adoption (lecture définitive).,2022-02-08,2022-02-08,
4384,l'ensemble du projet de loi en faveur de l'activité professionnelle indépendante (texte de la commission mixte paritaire).,2022-02-08,2022-02-08,
4385,l'ensemble de la proposition de loi visant à améliorer la protection des lanceurs d'alerte (texte de la commission mixte paritaire).,2022-02-08,2022-02-08,
4386,"l'ensemble du projet de loi portant reconnaissance de la Nation et réparation des préjudices subis par les harkis, par les autres personnes rapatriées d'Algérie anciennement de statut civil de droit local et par leurs familles du fait des conditions de leur accueil sur le territoire français (texte de la commission mixte paritaire).",2022-02-09,2022-02-09,
4399,l'ensemble de la proposition de loi visant à démocratiser le sport en France (nouvelle lecture).,2022-02-09,2022-02-09,
4401,l'ensemble de la proposition de loi visant à combattre le harcèlement scolaire (nouvelle lecture).,2022-02-10,2022-02-10,
4405,l'ensemble de la proposition de loi visant à renforcer le droit à l'avortement (nouvelle lecture).,2022-02-10,2022-02-10,
4406,l'ensemble de la proposition de loi relative à l'aménagement du Rhône (texte de la commission mixte paritaire).,2022-02-15,2022-02-15,
4407,"l'ensemble de la proposition de loi pour un accès plus juste, plus simple et plus transparent au marché de l'assurance emprunteur (texte de la commission mixte paritaire).",2022-02-15,2022-02-15,
4408,l'ensemble de la proposition de loi portant diverses dispositions d'adaptation au droit de l'Union européenne en matière de prévention de la diffusion de contenus à caractère terroriste en ligne (première lecture).,2022-02-16,2022-02-16,
4409,l'ensemble de la proposition de loi visant à faire évoluer la gouvernance de l'Agence pour l'enseignement français à l'étranger et à créer les instituts régionaux de formation (première lecture).,2022-02-16,2022-02-16,
4410,l'ensemble de la proposition de loi relative au choix du nom issu de la filiation (nouvelle lecture).,2022-02-21,2022-02-21,
4411,l'ensemble du projet de loi d'orientation relative à une meilleure diffusion de l'assurance récolte en agriculture et portant réforme des outils de gestion des risques climatiques en agriculture (texte de la commission mixte paritaire).,2022-02-22,2022-02-22,
4412,l'ensemble de la proposition de loi visant à renforcer le contrôle parental sur les moyens d'accès à internet (texte de la commission mixte paritaire).,2022-02-22,2022-02-22,
4414,l'ensemble de la proposition de loi visant à renforcer le droit à l'avortement (lecture définitive).,2022-02-23,2022-02-23,
4417,l'ensemble de la proposition de loi visant à démocratiser le sport en France (lecture définitive).,2022-02-24,2022-02-24,
4418,l'ensemble de la proposition de loi visant à combattre le harcèlement scolaire et le cyberharcèlement (lecture définitive).,2022-02-24,2022-02-24,
4419,l'ensemble de la proposition de loi relative au choix du nom issu de la filiation (lecture définitive).,2022-02-24,2022-02-24,
